Credit Memo Number,Customer ID,Ship To ID,Order Number,Customer PO Number,Credit Memo Date,Ship Date,Due Date,Reason Code
1417520,101064,210081,5005,2843,6/5/2013,5/4/2013,7/4/2013,701010
1380029,101096,220512,39008,22114,5/29/2014,5/1/2014,6/28/2014,701010
508504,101031,230556,50009,28356,5/12/2013,3/21/2013,6/7/2013,701006
1291521,101096,220514,66005,37432,3/7/2014,2/8/2014,4/10/2014,701010
882032,101034,230607,68006,38565,2/23/2013,2/20/2013,3/21/2013,701010
483035,101069,230649,71009,40261,8/30/2014,9/5/2014,9/25/2014,701006
721501,101085,230772,80005,45367,9/14/2013,9/22/2013,10/15/2013,701010
321037,101193,210252,99007,56141,4/25/2014,4/1/2014,5/27/2014,701010
627023,101031,230576,110003,62372,1/2/2014,2/12/2014,1/29/2014,701010
817540,101069,230701,121002,68608,6/15/2014,7/4/2014,7/10/2014,701010
894032,101073,230716,130001,73718,8/3/2013,8/30/2013,9/3/2013,701010
1168508,101090,230824,144007,81652,12/11/2014,12/10/2014,12/31/2014,701010
903009,101034,230607,176009,99800,7/19/2013,5/25/2013,8/14/2013,701010
1390531,101069,230655,180003,102063,1/1/2014,1/18/2014,2/1/2014,701010
229525,101112,210137,186007,105471,6/22/2014,7/17/2014,7/23/2014,701008
1360506,101096,220510,191001,108310,10/11/2014,11/11/2014,11/13/2014,701010
615025,101198,210259,201002,113972,10/2/2013,10/17/2013,11/3/2013,701003
1033505,101198,210259,206007,116810,10/18/2014,9/4/2014,11/17/2014,701010
1071005,101069,230650,208001,117942,9/25/2013,10/23/2013,10/20/2013,701010
268534,101085,230770,263002,149129,1/11/2014,12/6/2013,2/10/2014,701006
1197036,101073,230732,291008,165007,11/17/2013,9/30/2013,12/21/2013,701010
385509,101034,230613,303010,171802,3/2/2013,4/30/2013,3/28/2013,701007
504019,101030,220333,309007,175210,5/3/2013,4/27/2013,5/29/2013,701008
360004,101124,210153,328005,185983,8/24/2014,8/28/2014,9/26/2014,701009
558012,101019,210028,346006,196194,4/8/2014,2/15/2014,5/10/2014,701007
1309522,101057,210070,350002,198453,7/27/2013,7/13/2013,8/26/2013,701010
217510,101069,230683,351010,199021,3/3/2013,2/27/2013,4/5/2013,701010
1245021,101085,230764,353004,200157,3/15/2014,3/8/2014,4/14/2014,701010
796515,101073,230749,366009,207527,6/5/2014,6/15/2014,7/3/2014,701010
1090519,101035,220356,385001,218308,5/17/2014,6/7/2014,6/12/2014,701010
1288529,101090,230833,413005,234173,8/30/2013,9/21/2013,9/24/2013,701010
154523,101085,230794,419008,237583,9/20/2014,11/11/2014,10/15/2014,701008
478504,101034,230600,427006,242116,2/5/2014,3/21/2014,3/9/2014,701004
997534,101067,210085,430006,243815,9/15/2014,11/14/2014,10/12/2014,701010
915027,101073,230746,442006,250618,9/17/2014,8/7/2014,10/16/2014,701010
1392006,101114,210139,446006,252887,3/7/2014,2/7/2014,4/8/2014,701010
450013,101073,230709,454009,257420,6/29/2014,7/9/2014,7/29/2014,701002
655508,101034,230635,459003,260266,9/4/2013,10/14/2013,9/30/2013,701010
874527,101085,230807,472007,267627,7/1/2014,8/7/2014,7/26/2014,701010
723002,101085,230760,490010,277836,8/26/2013,10/3/2013,9/20/2013,701010
1173033,101073,230719,506001,286912,7/14/2014,5/20/2014,8/12/2014,701010
616532,101019,210028,509008,288610,6/28/2014,7/15/2014,7/30/2014,701010
58516,101034,230644,522002,295981,10/23/2014,9/13/2014,11/17/2014,701006
657004,101004,220284,527008,298813,6/4/2014,6/6/2014,7/3/2014,701010
136517,101034,230599,536010,303919,2/8/2014,3/4/2014,3/12/2014,701009
790536,101048,210058,538007,305056,6/3/2014,6/24/2014,7/6/2014,701010
789020,101090,230844,539009,305619,12/28/2013,12/23/2013,1/31/2014,701010
832538,101144,210184,548010,310718,6/21/2013,6/29/2013,7/21/2013,701010
798037,101181,210234,550002,311852,10/14/2013,10/3/2013,11/17/2013,701010
1195506,101090,230820,554010,314126,11/25/2014,11/24/2014,12/20/2014,701010
114030,101002,220272,567010,321500,11/4/2014,10/1/2014,12/7/2014,701009
600023,101111,210135,582007,330004,10/5/2014,10/12/2014,11/5/2014,701002
1027504,101092,210109,584009,331137,8/10/2013,6/14/2013,9/10/2013,701010
498017,101069,230693,590001,334543,4/19/2014,3/10/2014,5/17/2014,701009
1399537,101003,210003,623010,353252,5/25/2014,5/22/2014,6/26/2014,701010
1311005,101093,220499,635002,360052,1/8/2013,3/5/2013,2/2/2013,701010
534007,101044,220392,648009,367426,12/31/2014,11/15/2014,12/31/2014,701003
709540,101069,230691,652010,369697,5/6/2013,6/2/2013,6/9/2013,701010
1240512,101034,230624,668010,378762,1/6/2014,12/6/2013,2/5/2014,701010
553515,101002,220278,674004,382171,4/22/2014,5/26/2014,5/18/2014,701004
1177501,101085,230808,675001,382735,2/16/2014,4/17/2014,3/19/2014,701010
787512,101033,220351,677008,383865,11/18/2013,11/13/2013,12/19/2013,701010
333033,101069,230661,686009,388964,9/16/2014,10/20/2014,10/14/2014,701002
819016,101093,220491,692008,392371,2/20/2014,1/23/2014,3/25/2014,701010
738034,101073,230751,696004,394643,9/1/2013,7/29/2013,10/1/2013,701010
1017008,101141,210180,702010,398040,8/25/2014,10/8/2014,9/25/2014,701010
1209002,101080,210098,703001,398607,10/30/2013,9/12/2013,11/29/2013,701010
34508,101085,230791,713008,404278,4/15/2014,4/10/2014,5/19/2014,701011
232519,101031,230544,733007,415620,10/11/2013,9/30/2013,11/6/2013,701001
946532,101038,220370,735006,416758,7/19/2014,8/5/2014,8/17/2014,701010
124506,101028,210039,773007,438299,2/1/2013,1/5/2013,3/1/2013,701006
613535,101150,210192,774001,438859,12/23/2012,2/14/2013,1/25/2013,701011
769505,101073,230751,792004,449076,5/6/2013,3/27/2013,6/6/2013,701010
183017,101022,210032,807008,457574,8/23/2014,9/5/2014,9/25/2014,701007
1369515,101034,230605,817001,463246,6/27/2013,6/21/2013,7/23/2013,701010
381003,101086,220467,820007,464948,9/16/2014,9/29/2014,10/18/2014,701004
1254040,101085,230799,850004,481952,6/5/2014,7/18/2014,7/6/2014,701010
1258513,101009,210011,854007,484226,2/23/2014,2/15/2014,3/20/2014,701010
306014,101168,210218,869003,492730,11/30/2013,11/23/2013,12/25/2013,701011
951025,101073,230753,877005,497265,2/28/2013,3/20/2013,4/3/2013,701010
891020,101034,230605,879008,498395,12/6/2013,12/22/2013,1/8/2014,701010
1191025,101163,210210,884003,501229,1/15/2013,2/27/2013,2/12/2013,701010
661517,101085,230761,892007,505768,11/12/2014,11/27/2014,12/13/2014,701010
28528,101034,230627,916009,519377,8/11/2013,7/13/2013,9/10/2013,701008
1468531,101197,210257,919007,521074,7/28/2013,7/22/2013,8/24/2013,701010
1222536,101073,230718,933009,529023,5/31/2014,7/11/2014,6/30/2014,701010
291005,101030,220327,937002,531280,3/20/2014,1/28/2014,4/23/2014,701003
24011,101090,230873,940008,532988,10/29/2013,9/19/2013,11/28/2013,701004
49536,101085,230774,963002,546022,12/23/2013,1/9/2014,1/19/2014,701002
585018,101070,220443,964009,546601,5/31/2014,4/7/2014,6/28/2014,701003
1032032,101090,230846,972001,551132,2/10/2013,4/10/2013,3/14/2013,701010
871534,101090,230860,983003,557373,7/6/2014,5/12/2014,8/2/2014,701010
81011,101034,230631,984008,557938,8/1/2014,7/3/2014,8/29/2014,701008
1362040,101036,210043,991005,561904,5/17/2014,6/7/2014,6/13/2014,701010
1263031,101004,220301,1026009,581745,8/17/2013,8/30/2013,9/13/2013,701010
1164022,101090,230855,1027004,582316,11/19/2013,10/24/2013,12/23/2013,701010
429032,101090,230859,1032010,585147,8/26/2013,9/23/2013,9/23/2013,701010
1354528,101085,230775,1048006,594223,10/23/2014,12/6/2014,11/17/2014,701010
1113016,101031,230591,1050009,595358,8/22/2013,9/23/2013,9/20/2013,701010
1078502,101086,220468,1057004,599329,5/14/2014,4/2/2014,6/8/2014,701010
1327527,101073,230725,1065007,603865,12/1/2014,11/23/2014,12/30/2014,701010
1381535,101065,220423,1072002,607833,6/22/2014,6/13/2014,7/18/2014,701010
286531,101004,220294,1075002,609530,12/12/2013,1/9/2014,1/10/2014,701011
805526,101038,220369,1077002,610672,12/31/2014,12/12/2014,12/31/2014,701010
9032,101048,210058,1091008,618605,4/21/2013,4/3/2013,5/19/2013,701004
1234515,101139,210177,1150009,652054,3/4/2013,3/24/2013,4/3/2013,701010
1345526,101089,210107,1169009,662829,4/21/2013,3/25/2013,5/24/2013,701010
1450530,101189,210246,1179007,668503,2/4/2013,2/22/2013,3/1/2013,701010
432026,101004,220284,1181010,669632,3/21/2014,2/21/2014,4/16/2014,701003
48021,101086,220465,1202006,681547,11/26/2014,10/6/2014,12/24/2014,701003
319536,101002,220274,1218007,690617,1/27/2014,12/14/2013,2/23/2014,701010
1182002,101080,210098,1248010,707624,5/1/2014,3/7/2014,6/2/2014,701010
712533,101120,210147,1251007,709325,3/14/2014,1/31/2014,4/15/2014,701010
1242038,101096,220513,1262003,715565,4/14/2013,4/2/2013,5/18/2013,701010
1444504,101124,210154,1271003,720669,11/12/2013,11/5/2013,12/14/2013,701010
1038038,101090,230820,1286009,729168,9/8/2013,9/8/2013,10/8/2013,701010
1221013,101085,230792,1287010,729732,11/9/2014,11/5/2014,12/12/2014,701010
1464027,101035,220364,1293004,733137,4/23/2014,5/19/2014,5/21/2014,701010
1101039,101169,210220,1301003,737677,12/31/2014,11/27/2014,12/31/2014,701010
741037,101012,210016,1324003,750714,5/1/2014,5/4/2014,6/1/2014,701010
972017,101031,230572,1326006,751854,10/7/2014,8/18/2014,11/8/2014,701010
325502,101015,210021,1329002,753544,9/20/2014,8/19/2014,10/17/2014,701006
147023,101127,210159,1339002,759219,2/12/2013,2/14/2013,3/11/2013,701004
1350025,101043,210052,1374010,779062,2/24/2013,3/17/2013,3/27/2013,701010
778509,101086,220473,1375005,779633,8/22/2013,10/11/2013,9/25/2013,701010
984009,101197,210258,1393010,789839,12/6/2014,12/23/2014,12/31/2014,701010
916533,101023,210033,1421007,805711,3/31/2014,2/28/2014,4/27/2014,701010
492024,101065,220414,1433009,812519,9/19/2014,8/5/2014,10/21/2014,701003
1332021,101010,210012,1437002,814784,5/28/2013,4/1/2013,6/25/2013,701010
513017,101033,220341,1464002,830098,6/18/2014,6/7/2014,7/22/2014,701007
1170001,101069,230649,1467009,831798,1/20/2014,12/23/2013,2/18/2014,701010
97528,101096,220516,1487003,843133,11/9/2014,10/31/2014,12/6/2014,701011
397536,101191,210250,1498002,849372,7/30/2013,7/18/2013,8/24/2013,701002
786007,101099,210117,1500010,850503,11/9/2014,10/8/2014,12/9/2014,701010
60013,101073,230725,1501009,851075,1/12/2013,2/22/2013,2/9/2013,701003
847534,101004,220289,1503010,852213,11/2/2013,11/9/2013,12/5/2013,701010
1039518,101014,210019,1504010,852780,7/20/2013,5/22/2013,8/22/2013,701010
25539,101038,220388,1509007,855616,12/31/2014,12/31/2014,12/31/2014,701005
1482014,101002,220276,1541005,873758,11/8/2014,10/9/2014,12/5/2014,701010
1243501,101090,230861,1543008,874882,7/2/2013,6/22/2013,7/28/2013,701010
1384527,101038,220381,1553003,880563,12/12/2014,10/25/2014,12/31/2014,701010
865529,101009,210010,1608010,911738,10/22/2013,9/21/2013,11/20/2013,701010
459005,101069,230677,1611001,913446,1/26/2013,2/5/2013,2/28/2013,701011
73520,101112,210136,1612009,914013,3/11/2014,3/22/2014,4/6/2014,701005
1143029,101002,220271,1621006,919113,4/6/2014,5/22/2014,5/3/2014,701010
597004,101004,220285,1666003,944628,7/28/2014,9/14/2014,8/22/2014,701001
1095020,101181,210234,1667004,945190,8/20/2014,7/30/2014,9/23/2014,701010
732039,101090,230836,1693001,959938,10/30/2014,9/8/2014,11/29/2014,701010
298538,101099,210117,1702010,965037,4/21/2013,5/4/2013,5/23/2013,701009
66025,101164,210212,1729002,980352,12/1/2014,12/21/2014,12/27/2014,701009
75010,101111,210135,1739008,986026,7/1/2014,6/18/2014,7/31/2014,701008
276005,101090,230821,1751008,992825,8/18/2013,9/4/2013,9/19/2013,701008
618005,101073,230725,1805006,1023443,2/23/2013,4/14/2013,3/24/2013,701005
526521,101024,210034,1819007,1031377,7/18/2014,6/2/2014,8/16/2014,701003
535520,101033,220343,1835010,1040450,9/10/2014,10/16/2014,10/10/2014,701006
1477526,101069,230670,1837004,1041585,6/13/2014,4/30/2014,7/13/2014,701010
1134001,101085,230778,1842005,1044418,7/26/2013,8/1/2013,8/26/2013,701010
606027,101090,230845,1847006,1047257,7/31/2014,9/13/2014,8/30/2014,701007
51004,101069,230676,1869010,1059735,10/3/2013,9/20/2013,11/2/2013,701009
945021,101025,220315,1878003,1064827,12/25/2014,12/12/2014,12/31/2014,701010
793535,101176,210229,1891007,1072200,5/3/2013,7/2/2013,6/3/2013,701010
630003,101175,210228,1897005,1075603,7/7/2014,9/2/2014,8/6/2014,701010
19521,101025,220302,1910005,1082974,8/21/2014,8/14/2014,9/21/2014,701006
898520,101075,210092,1963002,1113033,11/15/2014,10/29/2014,12/17/2014,701010
772516,101034,230628,1977003,1120962,10/14/2014,11/4/2014,11/15/2014,701010
1015501,101073,230748,1980004,1122669,2/5/2014,2/28/2014,3/9/2014,701010
391522,101035,220358,1981010,1123240,12/13/2013,11/11/2013,1/13/2014,701007
1459533,101085,230806,1995005,1131178,9/12/2014,11/5/2014,10/16/2014,701010
1218003,101070,220444,1997004,1132311,10/19/2014,10/6/2014,11/19/2014,701010
625510,101184,210239,2010008,1139681,5/31/2013,5/7/2013,7/4/2013,701010
960007,101070,220429,2013010,1141378,11/8/2014,10/14/2014,12/3/2014,701010
90040,101069,230663,2018001,1144212,3/29/2013,4/13/2013,4/26/2013,701011
201039,101069,230672,2024010,1147617,8/31/2014,7/5/2014,9/25/2014,701005
475532,101086,220483,2035006,1153848,8/4/2013,8/15/2013,9/1/2013,701006
181539,101093,220499,2112005,1197515,6/19/2014,7/31/2014,7/14/2014,701007
756036,101069,230696,2116006,1199778,2/19/2014,2/11/2014,3/23/2014,701010
1281034,101009,210010,2121001,1202618,3/19/2013,3/10/2013,4/14/2013,701010
1057518,101030,220318,2122005,1203175,5/9/2013,4/28/2013,6/4/2013,701010
120018,101096,220515,2148002,1217922,7/5/2014,6/14/2014,8/3/2014,701006
406526,101069,230688,2156002,1222454,5/4/2013,3/29/2013,6/6/2013,701004
1041030,101004,220299,2157005,1223026,3/28/2013,5/1/2013,4/24/2013,701010
138011,101106,210128,2163002,1226433,11/9/2014,12/6/2014,12/7/2014,701007
366021,101160,210206,2166004,1228129,8/1/2013,8/5/2013,8/27/2013,701007
438033,101073,230737,2168001,1229265,9/14/2013,8/13/2013,10/9/2013,701010
745512,101090,230843,2184009,1238340,9/19/2014,8/31/2014,10/17/2014,701010
867009,101031,230566,2198003,1246274,1/29/2014,2/24/2014,2/28/2014,701010
1225507,101040,210047,2276010,1290494,12/31/2014,11/21/2014,12/31/2014,701010
744036,101034,230604,2289001,1297867,9/17/2013,8/11/2013,10/14/2013,701010
949518,101055,210067,2303010,1305804,3/17/2014,2/24/2014,4/16/2014,701010
649524,101199,210262,2306008,1307504,3/17/2014,1/29/2014,4/16/2014,701010
463523,101125,210155,2314004,1312046,9/20/2013,9/23/2013,10/24/2013,701004
1077009,101127,210158,2321006,1316008,11/18/2013,12/11/2013,12/18/2013,701010
85538,101086,220481,2325009,1318278,6/27/2014,5/25/2014,7/23/2014,701008
22529,101197,210258,2329010,1320554,6/26/2014,7/22/2014,7/22/2014,701004
760520,101069,230656,2334005,1323386,7/19/2014,6/19/2014,8/16/2014,701010
973513,101069,230648,2341008,1327359,3/30/2013,5/24/2013,4/30/2013,701010
1201526,101139,210177,2346004,1330191,11/8/2013,9/10/2013,12/8/2013,701010
472507,101032,210041,2349005,1331894,1/15/2013,1/28/2013,2/14/2013,701008
337511,101091,210108,2361001,1338689,2/27/2014,2/3/2014,4/1/2014,701001
1270513,101073,230740,2365002,1340965,7/26/2013,8/24/2013,8/24/2013,701010
922534,101090,230833,2384001,1351730,10/15/2013,9/23/2013,11/15/2013,701010
565511,101073,230709,2390007,1355141,2/24/2013,4/17/2013,3/30/2013,701011
1146023,101070,220444,2392002,1356265,4/25/2014,6/7/2014,5/26/2014,701010
1036505,101031,230587,2396005,1358543,9/18/2013,10/29/2013,10/13/2013,701010
1185005,101074,210090,2400008,1360805,8/8/2013,6/19/2013,9/9/2013,701010
693014,101090,230864,2408009,1365348,9/4/2014,9/21/2014,9/29/2014,701010
162023,101090,230822,2411005,1367047,3/2/2013,2/9/2013,4/1/2013,701006
676508,101085,230796,2421008,1372715,12/4/2014,11/7/2014,12/30/2014,701010
933018,101073,230707,2456003,1392562,12/20/2012,2/2/2013,1/19/2013,701010
648011,101093,220494,2461004,1395394,12/27/2013,1/17/2014,1/27/2014,701010
175529,101062,210079,2477010,1404468,8/24/2013,9/26/2013,9/26/2013,701004
901527,101147,210188,2478003,1405035,11/19/2014,11/11/2014,12/19/2014,701010
123004,101034,230615,2501004,1418068,7/7/2014,8/7/2014,8/2/2014,701007
1080015,101073,230741,2510006,1423174,9/3/2013,7/15/2013,9/30/2013,701010
1357507,101073,230741,2519006,1428278,6/29/2014,8/13/2014,7/26/2014,701010
897023,101164,210213,2533010,1436224,12/15/2014,10/30/2014,12/31/2014,701010
1279530,101034,230610,2534005,1436782,12/21/2014,12/26/2014,12/31/2014,701010
1317024,101093,220498,2546003,1443591,7/17/2014,6/16/2014,8/16/2014,701010
324039,101190,210248,2555003,1448690,4/15/2014,5/16/2014,5/16/2014,701010
160524,101120,210147,2574009,1459466,4/8/2013,4/29/2013,5/10/2013,701007
1378507,101025,220315,2583009,1464573,12/31/2014,12/17/2014,12/31/2014,701010
516015,101085,230778,2586008,1466266,7/25/2014,8/29/2014,8/21/2014,701006
1320029,101085,230783,2599006,1473644,6/19/2014,6/9/2014,7/19/2014,701010
1117533,101054,210066,2600002,1474204,9/27/2014,10/21/2014,10/29/2014,701010
348009,101180,210233,2639003,1496316,7/7/2014,6/1/2014,8/8/2014,701009
967524,101069,230647,2658006,1507099,12/31/2014,12/29/2014,12/31/2014,701010
1278040,101168,210217,2675010,1516738,8/16/2014,8/18/2014,9/13/2014,701010
1474520,101082,220446,2694004,1527503,12/13/2013,11/19/2013,1/14/2014,701010
1359013,101034,230602,2706010,1534311,4/13/2013,5/24/2013,5/10/2013,701010
775514,101124,210153,2708009,1535442,6/29/2014,8/22/2014,7/24/2014,701010
108025,101010,210013,2717008,1540541,10/22/2014,11/8/2014,11/22/2014,701007
340516,101031,230588,2732007,1549053,11/20/2012,1/15/2013,12/18/2012,701002
628505,101149,210190,2737002,1551883,11/6/2013,12/17/2013,12/2/2013,701010
514536,101073,230755,2754008,1561519,8/22/2014,7/20/2014,9/21/2014,701004
1123532,101031,230569,2764006,1567201,7/13/2014,6/30/2014,8/14/2014,701010
937517,101034,230645,2767009,1568892,11/16/2013,9/22/2013,12/16/2013,701010
199506,101090,230856,2770001,1570593,6/21/2014,6/22/2014,7/25/2014,701011
477007,101045,210053,2773009,1572302,12/3/2014,10/19/2014,12/31/2014,701003
1162530,101086,220470,2797003,1585911,12/23/2012,2/16/2013,1/25/2013,701010
258014,101093,220498,2808007,1592137,6/16/2014,7/29/2014,7/11/2014,701001
948021,101086,220475,2810007,1593274,12/2/2014,11/16/2014,12/31/2014,701010
1407011,101070,220438,2839003,1609717,12/23/2013,11/16/2013,1/19/2014,701010
550502,101082,220451,2843005,1611991,6/29/2013,5/11/2013,8/2/2013,701009
1135518,101170,210221,2854010,1618229,11/17/2014,10/14/2014,12/21/2014,701010
358525,101069,230702,2856002,1619360,1/5/2013,2/10/2013,1/31/2013,701003
969027,101090,230862,2861004,1622190,12/30/2012,2/20/2013,1/28/2013,701010
1425008,101034,230629,2873005,1629001,11/20/2014,11/16/2014,12/24/2014,701010
448535,101098,220539,2895009,1641477,11/30/2014,12/13/2014,12/27/2014,701003
1261523,101007,210008,2903008,1646010,5/7/2013,5/20/2013,6/6/2013,701010
904512,101093,220498,2931003,1661880,4/3/2014,4/2/2014,4/29/2014,701010
1272018,101062,210079,2947004,1670951,3/16/2013,2/17/2013,4/17/2013,701010
61525,101030,220326,2987010,1693635,11/2/2013,12/22/2013,12/6/2013,701003
570027,101085,230797,2998005,1699867,6/8/2014,7/27/2014,7/6/2014,701011
195028,101053,210064,3002002,1702138,1/24/2013,1/2/2013,2/18/2013,701009
322521,101009,210011,3007001,1704977,10/19/2013,9/9/2013,11/16/2013,701003
402025,101069,230696,3018007,1711209,12/31/2014,12/16/2014,12/31/2014,701008
33017,101069,230666,3057009,1733327,12/27/2014,11/1/2014,12/31/2014,701008
970539,101002,220279,3067006,1738992,8/2/2013,9/2/2013,9/1/2013,701010
1393518,101090,230821,3092002,1753167,10/5/2013,10/31/2013,11/4/2013,701010
1005003,101199,210262,3117005,1767350,10/18/2013,11/28/2013,11/13/2013,701010
582024,101085,230782,3124002,1771321,7/13/2013,5/27/2013,8/11/2013,701005
1056012,101070,220432,3139001,1779823,5/22/2013,4/19/2013,6/16/2013,701010
694538,101086,220465,3150008,1786051,5/1/2014,5/24/2014,5/26/2014,701010
1048518,101093,220495,3169001,1796834,4/19/2014,5/9/2014,5/16/2014,701010
837023,101073,230726,3171008,1797963,12/22/2012,2/9/2013,1/23/2013,701010
1075526,101096,220514,3182006,1804205,8/14/2013,9/6/2013,9/16/2013,701010
670524,101100,210118,3189006,1808165,7/14/2013,6/13/2013,8/16/2013,701010
921035,101031,230572,3193003,1810443,2/20/2013,1/4/2013,3/19/2013,701010
579029,101114,210139,3201005,1814980,5/11/2014,5/7/2014,6/9/2014,701002
999008,101055,210067,3202009,1815538,5/25/2013,4/21/2013,6/28/2013,701010
1336534,101070,220439,3209010,1819504,1/19/2014,11/26/2013,2/17/2014,701010
976528,101012,210016,3224008,1828015,9/18/2014,9/12/2014,10/22/2014,701010
987039,101064,210081,3229003,1830856,7/12/2013,8/4/2013,8/13/2013,701010
1087536,101128,210160,3238010,1835957,12/30/2012,2/16/2013,1/26/2013,701010
1200008,101090,230839,3247003,1841061,3/4/2014,3/5/2014,4/5/2014,701010
886503,101065,220414,3250004,1842760,10/4/2013,8/12/2013,11/6/2013,701010
1099535,101094,210111,3264005,1850690,6/24/2013,8/11/2013,7/19/2013,701010
486004,101138,210175,3291003,1866002,9/15/2013,9/27/2013,10/10/2013,701001
873031,101103,210125,3295007,1868266,6/29/2013,8/27/2013,8/2/2013,701010
780002,101096,220502,3311006,1877342,9/1/2014,9/21/2014,10/1/2014,701010
1318528,101145,210186,3317004,1880748,9/9/2013,8/2/2013,10/5/2013,701010
1012508,101034,230628,3318003,1881316,5/31/2014,5/14/2014,6/27/2014,701010
1210538,101073,230734,3337004,1892082,10/3/2014,11/28/2014,11/1/2014,701010
1255537,101089,210106,3342006,1894926,6/16/2013,6/29/2013,7/14/2013,701010
421540,101159,210204,3351005,1900023,5/11/2014,4/5/2014,6/8/2014,701008
838508,101186,210242,3355003,1902286,5/28/2014,5/22/2014,6/24/2014,701010
642025,101002,220273,3362010,1906265,5/24/2013,7/21/2013,6/25/2013,701010
753031,101002,220267,3388001,1921005,6/29/2014,7/17/2014,7/24/2014,701010
520538,101096,220506,3390007,1922141,12/26/2014,11/29/2014,12/31/2014,701010
295517,101086,220478,3394002,1924408,11/20/2014,10/4/2014,12/21/2014,701011
1000518,101069,230699,3406005,1931208,2/9/2013,1/31/2013,3/8/2013,701010
829508,101085,230799,3410009,1933474,12/10/2014,12/8/2014,12/31/2014,701010
249003,101090,230818,3416004,1936877,12/26/2014,10/31/2014,12/31/2014,701003
252001,101034,230639,3428007,1943677,10/1/2013,8/5/2013,11/1/2013,701011
564002,101002,220268,3431001,1945381,2/3/2013,3/31/2013,3/2/2013,701009
63024,101150,210192,3440008,1950493,5/26/2014,7/14/2014,6/28/2014,701008
264001,101032,210041,3443001,1952190,11/30/2014,11/3/2014,12/31/2014,701004
846020,101096,220508,3446008,1953893,12/23/2013,12/3/2013,1/17/2014,701010
804006,101043,210052,3451007,1956724,1/14/2014,3/8/2014,2/12/2014,701010
18004,101034,230640,3454003,1958429,7/12/2013,5/15/2013,8/6/2013,701008
1144540,101086,220476,3465008,1964659,8/18/2014,8/11/2014,9/17/2014,701010
285029,101090,230872,3466002,1965226,4/21/2013,5/16/2013,5/21/2013,701003
1323015,101069,230702,3526004,1999252,3/30/2014,2/16/2014,5/3/2014,701010
783002,101030,220334,3544001,2009455,10/9/2013,9/5/2013,11/11/2013,701010
601502,101069,230695,3559002,2017958,8/25/2014,9/12/2014,9/21/2014,701009
495034,101038,220374,3563004,2020232,7/6/2014,8/21/2014,8/5/2014,701005
1296003,101159,210204,3571010,2024761,11/23/2013,12/26/2013,12/18/2013,701010
981038,101027,210036,3579009,2029294,10/12/2014,11/4/2014,11/11/2014,701010
493519,101082,220451,3584001,2032130,2/16/2014,1/25/2014,3/17/2014,701009
490524,101004,220289,3595003,2038373,4/2/2013,2/15/2013,5/6/2013,701005
193516,101121,210148,3614006,2049150,8/7/2014,9/11/2014,9/1/2014,701011
1183539,101177,210230,3620003,2052543,8/7/2013,9/3/2013,9/2/2013,701010
1179028,101073,230753,3629008,2057648,9/14/2014,10/6/2014,10/14/2014,701010
1416018,101004,220301,3630007,2058223,1/23/2014,3/19/2014,2/24/2014,701010
862502,101038,220387,3645002,2066716,4/2/2014,4/24/2014,5/3/2014,701010
697532,101086,220481,3646008,2067286,9/17/2014,10/5/2014,10/17/2014,701010
318028,101073,230732,3651008,2070127,9/16/2014,10/17/2014,10/19/2014,701002
1402526,101090,230850,3655007,2072398,9/14/2014,8/27/2014,10/13/2014,701010
861022,101035,220359,3658003,2074087,5/4/2014,5/30/2014,6/4/2014,701010
102016,101069,230666,3663004,2076928,11/17/2014,12/21/2014,12/21/2014,701006
636020,101199,210262,3668003,2079763,2/3/2013,1/15/2013,3/6/2013,701010
1423501,101031,230565,3669009,2080335,3/31/2014,3/30/2014,4/28/2014,701010
715535,101086,220481,3678001,2085430,2/23/2014,3/30/2014,3/24/2014,701010
1069529,101073,230727,3701007,2098477,5/31/2013,5/11/2013,6/25/2013,701010
1236028,101030,220325,3705010,2100741,2/27/2014,4/13/2014,4/1/2014,701010
1081532,101190,210248,3719010,2108675,7/10/2014,6/22/2014,8/5/2014,701010
825022,101090,230837,3721007,2109808,12/9/2013,1/19/2014,1/10/2014,701010
813037,101082,220461,3731010,2115485,7/26/2014,7/7/2014,8/24/2014,701010
537034,101090,230833,3733004,2116614,9/11/2013,7/18/2013,10/9/2013,701009
1458027,101031,230552,3737004,2118889,4/10/2014,5/23/2014,5/13/2014,701010
1215033,101034,230621,3764006,2134189,11/25/2013,11/6/2013,12/24/2013,701010
1002026,101029,210040,3782007,2144396,3/31/2013,3/10/2013,4/27/2013,701010
1428029,101126,210157,3792001,2150077,1/12/2014,1/7/2014,2/13/2014,701010
403525,101098,220521,3799009,2154046,8/27/2014,9/12/2014,9/28/2014,701002
511519,101143,210183,3812003,2161414,4/20/2013,5/8/2013,5/17/2013,701002
576019,101065,220420,3852003,2184093,1/26/2013,3/19/2013,2/26/2013,701004
610504,101002,220270,3883003,2201671,12/21/2014,11/14/2014,12/31/2014,701009
376513,101010,210013,3885004,2202796,11/26/2013,1/15/2014,12/21/2013,701001
271525,101051,210062,3902006,2212443,4/1/2013,3/26/2013,4/28/2013,701005
943531,101034,230608,3908007,2215844,7/4/2014,7/16/2014,8/3/2014,701010
133538,101090,230840,3934003,2230584,2/20/2014,3/21/2014,3/19/2014,701009
844516,101016,210023,3938004,2232856,11/9/2013,9/11/2013,12/7/2013,701010
913524,101199,210262,3953002,2241364,5/1/2014,6/29/2014,6/4/2014,701010
858040,101090,230853,3984005,2258935,11/2/2013,9/15/2013,11/28/2013,701010
91518,101090,230821,3995006,2265171,5/27/2014,4/11/2014,6/23/2014,701010
202539,101085,230779,4003002,2269704,5/10/2013,4/3/2013,6/10/2013,701007
978040,101069,230689,4014008,2275948,4/6/2013,4/29/2013,5/6/2013,701010
1008015,101053,210065,4022003,2280487,6/11/2014,4/18/2014,7/10/2014,701010
54036,101152,210195,4032008,2286145,3/6/2013,3/5/2013,4/9/2013,701005
211503,101089,210107,4035003,2287846,9/3/2013,9/11/2013,10/7/2013,701009
1018526,101090,230839,4046003,2294095,5/3/2014,3/14/2014,6/4/2014,701010
835520,101176,210229,4051001,2296919,2/4/2014,1/18/2014,3/7/2014,701010
279004,101009,210011,4069003,2307127,5/3/2013,6/16/2013,6/2/2013,701011
730510,101069,230660,4087003,2317332,12/16/2012,1/28/2013,1/12/2013,701010
912019,101031,230542,4088007,2317900,8/24/2014,8/21/2014,9/25/2014,701010
87006,101199,210261,4101003,2325274,7/3/2014,8/15/2014,7/28/2014,701002
1275020,101069,230658,4103007,2326407,11/9/2014,9/12/2014,12/11/2014,701010
255040,101073,230745,4109007,2329804,5/18/2013,4/14/2013,6/13/2013,701005
426015,101022,210032,4124006,2338316,5/21/2013,5/22/2013,6/23/2013,701004
1011007,101080,210098,4133009,2343415,11/21/2014,10/22/2014,12/18/2014,701010
1410005,101166,210215,4157007,2357022,5/12/2013,6/12/2013,6/10/2013,701010
1264523,101186,210243,4161003,2359293,6/19/2014,5/8/2014,7/23/2014,701010
1188003,101092,210110,4170005,2364403,12/18/2014,12/9/2014,12/31/2014,701010
57013,101002,220271,4179006,2369496,7/23/2014,6/25/2014,8/23/2014,701005
1074031,101034,230644,4201005,2381977,8/24/2013,10/9/2013,9/26/2013,701010
927001,101037,210044,4204002,2383675,12/12/2013,2/8/2014,1/13/2014,701010
1368010,101014,210020,4218006,2391616,5/5/2013,5/5/2013,6/2/2013,701010
336010,101090,230818,4219009,2392178,11/7/2014,10/2/2014,12/3/2014,701010
310508,101031,230591,4224004,2395017,12/26/2013,1/14/2014,1/22/2014,701008
823520,101069,230683,4243010,2405792,8/15/2014,9/18/2014,9/13/2014,701010
1419004,101069,230665,4260003,2415431,4/28/2014,3/7/2014,5/23/2014,701010
247523,101004,220286,4264010,2417693,5/5/2013,5/21/2013,5/30/2013,701009
762031,101065,220415,4267006,2419390,4/9/2014,5/3/2014,5/5/2014,701010
468021,101085,230806,4268005,2419967,4/25/2014,3/1/2014,5/20/2014,701005
708002,101069,230679,4269009,2420528,7/5/2014,6/21/2014,8/8/2014,701010
781535,101199,210261,4270001,2421091,4/27/2014,5/23/2014,5/24/2014,701010
1473011,101100,210118,4299002,2437540,1/8/2014,3/1/2014,2/7/2014,701010
588017,101031,230587,4306001,2441504,11/25/2013,9/29/2013,12/29/2013,701011
1333524,101034,230644,4309007,2443206,6/30/2013,8/27/2013,7/26/2013,701010
1065006,101098,220526,4321002,2450009,11/30/2014,10/23/2014,12/31/2014,701010
441030,101031,230572,4326006,2452852,12/30/2013,1/8/2014,1/30/2014,701006
1092002,101090,230848,4335002,2457955,1/5/2014,11/24/2013,2/2/2014,701010
754512,101086,220465,4348005,2465326,2/21/2013,4/6/2013,3/20/2013,701010
1308037,101151,210193,4356010,2469853,8/11/2014,7/12/2014,9/13/2014,701010
1206021,101069,230669,4361005,2472698,10/13/2014,10/29/2014,11/11/2014,701010
70540,101069,230657,4368008,2476665,8/25/2013,8/23/2013,9/25/2013,701006
346511,101082,220449,4383007,2485168,12/28/2013,11/16/2013,1/22/2014,701004
408036,101057,210070,4385003,2486298,9/19/2013,10/18/2013,10/15/2013,701007
654006,101070,220445,4396009,2492543,6/14/2014,5/7/2014,7/17/2014,701010
328510,101034,230643,4399008,2494234,12/9/2013,12/22/2013,1/11/2014,701002
1476015,101031,230592,4404002,2497075,5/9/2013,3/16/2013,6/11/2013,701010
924031,101086,220468,4409009,2499916,8/7/2014,7/22/2014,9/6/2014,701010
643507,101085,230786,4418005,2505014,11/23/2014,11/14/2014,12/26/2014,701010
240005,101034,230616,4427001,2510115,11/24/2014,10/6/2014,12/20/2014,701005
153031,101031,230588,4457005,2527129,11/20/2013,12/26/2013,12/20/2013,701007
1054514,101082,220459,4467002,2532791,8/28/2013,9/27/2013,9/29/2013,701010
394516,101073,230715,4472004,2535630,10/15/2013,10/29/2013,11/14/2013,701002
174027,101069,230696,4480007,2540172,7/15/2014,8/29/2014,8/18/2014,701004
1422013,101191,210250,4483002,2541873,12/25/2013,1/4/2014,1/28/2014,701010
184539,101069,230689,4495009,2548669,7/19/2014,6/27/2014,8/14/2014,701005
294033,101102,210123,4508007,2556049,11/7/2012,1/6/2013,12/7/2012,701004
877508,101084,210103,4512009,2558306,11/7/2014,12/31/2014,12/5/2014,701010
1389008,101096,220510,4513004,2558872,10/25/2013,11/28/2013,11/27/2013,701010
631540,101132,210166,4514002,2559439,11/11/2014,10/10/2014,12/10/2014,701010
718503,101073,230708,4550002,2579860,2/10/2013,2/10/2013,3/14/2013,701010
1455005,101085,230772,4551002,2580419,3/18/2014,3/1/2014,4/21/2014,701010
853530,101090,230872,4556007,2583254,9/4/2013,9/13/2013,10/7/2013,701010
609037,101059,210073,4577008,2595165,11/10/2013,10/30/2013,12/5/2013,701010
1285522,101030,220330,4599004,2607634,11/20/2013,12/16/2013,12/24/2013,701010
496508,101069,230689,4602002,2609339,9/23/2013,11/1/2013,10/21/2013,701011
378040,101070,220434,4613007,2615583,6/7/2013,6/17/2013,7/2/2013,701011
892502,101090,230846,4629009,2624653,10/24/2014,10/8/2014,11/24/2014,701010
1435538,101169,210220,4674005,2650165,12/31/2014,12/7/2014,12/31/2014,701010
1246530,101007,210008,4695001,2662078,3/15/2014,4/29/2014,4/18/2014,701010
1026011,101069,230687,4730008,2681918,8/25/2013,10/19/2013,9/26/2013,701010
1068030,101090,230833,4734007,2684188,12/4/2013,10/27/2013,12/30/2013,701010
1248039,101144,210185,4736009,2685314,7/20/2014,9/11/2014,8/17/2014,701010
238528,101033,220347,4744005,2689852,4/13/2014,3/26/2014,5/15/2014,701006
928530,101159,210204,4751007,2693826,5/25/2014,7/8/2014,6/27/2014,701010
435010,101074,210089,4789010,2715365,10/31/2014,10/3/2014,12/1/2014,701007
274538,101069,230648,4791009,2716506,6/17/2013,7/21/2013,7/20/2013,701010
807019,101031,230548,4793005,2717641,5/5/2014,6/30/2014,6/3/2014,701010
700533,101073,230729,4804007,2723871,7/4/2013,7/30/2013,8/4/2013,701010
159011,101130,210163,4812009,2728414,4/8/2014,3/11/2014,5/4/2014,701001
1158001,101073,230756,4816004,2730676,10/27/2014,12/15/2014,11/28/2014,701010
186033,101098,220527,4819008,2732380,9/11/2014,9/19/2014,10/15/2014,701001
111040,101198,210259,4823004,2734653,7/26/2013,9/22/2013,8/22/2013,701003
622517,101073,230744,4830003,2738622,4/27/2014,3/12/2014,5/23/2014,701010
1140022,101085,230803,4832002,2739750,8/25/2014,7/6/2014,9/26/2014,701010
115506,101051,210062,4840008,2744285,5/29/2014,6/21/2014,7/1/2014,701011
1411506,101096,220507,4841008,2744851,11/11/2013,11/6/2013,12/13/2013,701010
681028,101133,210167,4876001,2764700,3/19/2013,4/5/2013,4/18/2013,701010
1405524,101011,210015,4877008,2765265,5/16/2013,6/26/2013,6/16/2013,701010
1363525,101072,210088,4878006,2765836,5/18/2014,4/3/2014,6/13/2014,701010
1324506,101090,230831,4901003,2778872,1/3/2014,1/5/2014,2/5/2014,701010
172539,101096,220519,4909006,2783406,4/30/2014,3/19/2014,5/29/2014,701007
1203023,101082,220453,4947009,2804950,5/28/2014,7/4/2014,6/28/2014,701010
1404011,101035,220367,4959003,2811765,8/3/2013,8/1/2013,9/5/2013,701010
1344015,101111,210135,4965005,2815159,11/10/2013,10/15/2013,12/14/2013,701010
1029017,101197,210257,4983009,2825369,5/12/2014,7/11/2014,6/6/2014,701010
799538,101036,210043,4988010,2828200,4/27/2014,6/8/2014,5/27/2014,701010
964530,101091,210108,4994002,2831604,9/11/2013,7/20/2013,10/7/2013,701010
469540,101090,230842,4995003,2832178,1/29/2014,1/14/2014,2/27/2014,701006
994531,101190,210248,4998007,2833874,8/9/2014,9/6/2014,9/4/2014,701010
682537,101034,230612,5006008,2838404,1/20/2013,3/6/2013,2/18/2013,701010
156016,101086,220464,5011008,2841242,8/19/2014,7/16/2014,9/16/2014,701005
243002,101030,220332,5021009,2846915,5/31/2013,4/19/2013,7/4/2013,701004
3030,101050,210061,5026008,2849744,3/26/2014,3/26/2014,4/28/2014,701002
888021,101030,220318,5028009,2850883,8/10/2013,9/7/2013,9/13/2013,701010
1300506,101065,220418,5029004,2851456,5/29/2013,5/24/2013,6/25/2013,701010
135014,101075,210092,5030010,2852012,8/12/2014,9/22/2014,9/8/2014,701011
21002,101073,230751,5039003,2857122,6/18/2013,6/26/2013,7/22/2013,701005
519006,101090,230845,5055010,2866192,7/24/2013,7/27/2013,8/27/2013,701004
487531,101069,230697,5058001,2867895,3/30/2013,4/9/2013,4/29/2013,701008
1014022,101154,210197,5062007,2870163,2/4/2014,3/13/2014,3/2/2014,701010
462040,101004,220299,5107007,2895673,12/12/2013,10/15/2013,1/8/2014,701006
69021,101049,210059,5130006,2908717,8/20/2013,9/14/2013,9/20/2013,701007
763532,101152,210195,5145005,2917225,12/13/2013,10/24/2013,1/11/2014,701010
112522,101005,210004,5155002,2922888,8/17/2013,9/8/2013,9/17/2013,701004
420001,101090,230838,5173002,2933098,11/7/2013,10/29/2013,12/2/2013,701007
510009,101090,230872,5178006,2935930,6/1/2014,7/14/2014,6/29/2014,701009
126036,101169,210220,5209007,2953510,6/28/2014,8/27/2014,7/27/2014,701001
567023,101035,220357,5221005,2960318,10/3/2013,11/5/2013,10/29/2013,701011
177010,101069,230655,5222001,2960886,3/26/2013,2/28/2013,4/24/2013,701011
1293005,101030,220319,5234005,2967691,11/14/2014,10/4/2014,12/11/2014,701010
612016,101013,210018,5242001,2972219,10/24/2014,10/27/2014,11/24/2014,701001
1260015,101090,230855,5244007,2973361,4/26/2013,4/18/2013,5/27/2013,701010
1456515,101065,220422,5246010,2974490,7/29/2013,9/27/2013,8/28/2013,701010
952531,101070,220442,5264003,2984699,2/20/2014,12/30/2013,3/25/2014,701010
307504,101085,230789,5269005,2987525,6/2/2013,7/21/2013,6/28/2013,701009
345009,101034,230600,5283007,2995468,4/28/2013,6/25/2013,5/23/2013,701008
685524,101033,220340,5286007,2997166,4/7/2014,2/19/2014,5/10/2014,701010
507037,101031,230584,5303001,3006806,4/22/2014,5/27/2014,5/25/2014,701003
415520,101031,230560,5321001,3017013,6/12/2014,5/6/2014,7/10/2014,701002
316537,101085,230779,5325009,3019276,8/30/2013,9/4/2013,10/1/2013,701009
1006537,101082,220461,5340007,3027782,2/7/2014,3/28/2014,3/9/2014,701010
739537,101096,220512,5362003,3040260,7/2/2013,8/20/2013,8/2/2013,701010
1093537,101133,210168,5384003,3052731,6/23/2014,7/13/2014,7/22/2014,701010
456037,101038,220380,5386006,3053866,9/21/2014,11/15/2014,10/25/2014,701005
523530,101034,230633,5405001,3064646,5/29/2014,6/27/2014,7/1/2014,701008
141028,101073,230746,5421001,3073716,10/20/2013,11/10/2013,11/23/2013,701011
1119030,101034,230596,5432009,3079950,3/15/2014,2/28/2014,4/15/2014,701010
414005,101085,230777,5435010,3081648,4/8/2013,4/1/2013,5/9/2013,701004
1306501,101073,230724,5457004,3094122,12/11/2013,1/3/2014,1/12/2014,701010
417003,101168,210218,5468005,3100364,6/9/2014,4/24/2014,7/6/2014,701010
64521,101090,230817,5475002,3104334,2/25/2014,1/19/2014,3/22/2014,701004
598516,101082,220451,5476006,3104899,4/30/2013,6/26/2013,6/3/2013,701002
304524,101161,210207,5486009,3110569,10/29/2014,12/28/2014,11/25/2014,701011
388501,101086,220480,5488009,3111700,12/24/2013,11/27/2013,1/21/2014,701005
501005,101069,230651,5501006,3119078,11/21/2014,11/22/2014,12/20/2014,701004
1338033,101069,230701,5505007,3121345,3/19/2014,4/30/2014,4/18/2014,701010
43531,101062,210078,5511010,3124742,1/7/2014,12/24/2013,2/7/2014,701006
1305040,101164,210213,5529006,3134952,9/20/2014,9/15/2014,10/20/2014,701010
957029,101093,220495,5537010,3139487,7/22/2013,7/19/2013,8/16/2013,701010
919539,101099,210117,5541008,3141752,12/31/2014,12/31/2014,12/31/2014,701010
720025,101104,210126,5576009,3161601,12/31/2014,12/30/2014,12/31/2014,701010
672024,101011,210015,5579002,3163295,5/19/2013,6/25/2013,6/13/2013,701010
457540,101030,220333,5583005,3165566,12/31/2014,12/31/2014,12/31/2014,701003
351025,101065,220417,5596010,3172939,4/30/2013,5/21/2013,6/1/2013,701006
1047030,101090,230873,5599009,3174640,9/17/2014,9/18/2014,10/19/2014,701010
808512,101090,230837,5605005,3178044,8/7/2013,8/19/2013,9/10/2013,701010
489022,101012,210016,5642008,3199017,10/6/2014,10/28/2014,11/7/2014,701005
1267536,101031,230583,5662004,3210359,12/18/2013,12/18/2013,1/14/2014,701010
273005,101093,220489,5668009,3213758,4/4/2013,2/17/2013,5/5/2013,701008
876028,101073,230711,5672010,3216029,10/10/2014,9/23/2014,11/7/2014,701010
480001,101090,230834,5673009,3216600,10/26/2014,11/7/2014,11/20/2014,701010
130519,101034,230643,5691004,3226807,1/24/2014,1/30/2014,2/20/2014,701010
849019,101066,210082,5694009,3228499,5/27/2014,4/4/2014,6/22/2014,701010
1114512,101172,210223,5710001,3237574,3/11/2013,5/5/2013,4/11/2013,701010
1045513,101082,220452,5721004,3243811,8/25/2014,7/31/2014,9/20/2014,701010
870039,101033,220335,5725004,3246077,4/3/2013,4/27/2013,5/6/2013,701010
327007,101107,210129,5738005,3253455,9/10/2014,8/12/2014,10/9/2014,701008
940518,101072,210088,5739004,3254025,2/26/2013,4/14/2013,3/23/2013,701010
673530,101086,220473,5742001,3255725,1/23/2014,12/22/2013,2/25/2014,701010
1438508,101067,210084,5747002,3258555,9/2/2014,10/22/2014,10/2/2014,701010
282009,101128,210160,5749004,3259693,7/21/2013,5/30/2013,8/18/2013,701001
895525,101147,210188,5750010,3260255,4/26/2014,3/3/2014,5/23/2014,701010
145522,101004,220283,5753010,3261955,10/15/2013,10/2/2013,11/9/2013,701009
988532,101093,220491,5755008,3263092,2/20/2013,4/21/2013,3/17/2013,701010
109530,101030,220324,5758004,3264788,9/17/2014,8/11/2014,10/18/2014,701004
706528,101021,210030,5763009,3267627,11/18/2014,10/17/2014,12/16/2014,701010
117029,101068,210086,5775008,3274431,12/5/2014,10/21/2014,12/31/2014,701005
619514,101142,210182,5784002,3279529,11/21/2013,12/13/2013,12/17/2013,701010
10530,101090,230820,5785010,3280096,5/14/2014,6/30/2014,6/11/2014,701002
1063517,101068,210086,5803006,3290314,3/17/2014,3/26/2014,4/12/2014,701010
505517,101073,230712,5806003,3292003,6/11/2013,5/28/2013,7/12/2013,701009
1347017,101046,210055,5811001,3294843,9/6/2013,10/15/2013,10/3/2013,701010
1207519,101069,230659,5830009,3305623,12/4/2014,11/20/2014,12/29/2014,701010
678039,101200,210264,5856005,3320363,4/22/2014,3/30/2014,5/17/2014,701010
1186510,101074,210089,5860008,3322633,4/20/2014,5/15/2014,5/22/2014,701010
801017,101141,210181,5863005,3324330,12/29/2012,2/5/2013,1/26/2013,701010
814510,101198,210260,5870003,3328293,6/6/2013,7/14/2013,7/5/2013,701010
561027,101085,230803,5872004,3329430,3/11/2014,4/9/2014,4/7/2014,701010
705036,101031,230549,5878009,3332836,5/27/2014,7/8/2014,6/29/2014,701010
1152009,101067,210085,5880002,3333967,12/7/2014,12/4/2014,12/31/2014,701010
934528,101135,210171,5898004,3344178,6/8/2014,4/15/2014,7/9/2014,701010
343524,101085,230761,5899010,3344745,7/4/2014,5/18/2014,8/2/2014,701010
1290027,101169,210219,5914001,3353242,10/26/2014,10/5/2014,11/28/2014,701010
909012,101090,230861,5931007,3362883,11/24/2014,10/23/2014,12/19/2014,701010
84004,101035,220366,5932010,3363447,9/23/2014,11/18/2014,10/24/2014,701005
982523,101034,230598,5933002,3364018,8/10/2013,7/14/2013,9/8/2013,701010
1149015,101161,210207,5942004,3369119,3/21/2014,4/29/2014,4/23/2014,701010
1156518,101126,210156,5960010,3379323,5/11/2014,4/11/2014,6/8/2014,701010
1348504,101004,220296,5963008,3381026,3/11/2013,4/24/2013,4/5/2013,701010
595507,101093,220500,5974010,3387265,8/6/2013,8/8/2013,8/31/2013,701002
529514,101164,210212,5981008,3391230,12/16/2013,12/10/2013,1/19/2014,701001
393027,101004,220298,5982006,3391800,2/27/2013,3/26/2013,3/27/2013,701008
840036,101034,230598,5983010,3392365,2/1/2014,3/5/2014,3/3/2014,701010
528013,101034,230617,5995010,3399172,2/18/2013,3/25/2013,3/22/2013,701008
30018,101034,230598,6011005,3408250,2/9/2014,1/31/2014,3/7/2014,701004
96035,101189,210247,6014007,3409947,4/25/2014,5/7/2014,5/25/2014,701008
517514,101013,210018,6021010,3413920,7/4/2014,7/6/2014,8/1/2014,701002
751522,101085,230788,6040004,3424692,9/14/2014,10/19/2014,10/13/2014,701010
774027,101138,210175,6042009,3425822,2/16/2014,3/25/2014,3/18/2014,701010
733504,101096,220511,6057010,3434323,3/2/2014,1/6/2014,4/2/2014,701010
826529,101034,230602,6061009,3436590,4/22/2013,6/9/2013,5/17/2013,701010
859528,101031,230569,6062006,3437157,12/20/2013,1/27/2014,1/20/2014,701010
1129517,101166,210215,6071009,3442261,6/13/2013,6/1/2013,7/14/2013,701010
1431025,101090,230874,6075004,3444532,8/15/2014,6/21/2014,9/13/2014,701010
1447538,101065,220425,6090001,3453032,12/25/2013,1/13/2014,1/28/2014,701010
958526,101155,210200,6091001,3453610,5/23/2013,7/2/2013,6/25/2013,701010
1372501,101090,230861,6092010,3454170,12/2/2014,10/14/2014,12/30/2014,701010
1452021,101093,220494,6121006,3470612,4/8/2013,4/27/2013,5/8/2013,701010
300039,101096,220514,6125003,3472883,6/8/2013,7/12/2013,7/8/2013,701003
225001,101086,220468,6143005,3483093,1/30/2014,3/16/2014,2/27/2014,701006
1446038,101034,230641,6145001,3484227,3/5/2013,3/13/2013,3/30/2013,701010
1072503,101034,230617,6162008,3493859,2/11/2014,2/19/2014,3/8/2014,701010
373515,101090,230839,6163006,3494427,9/2/2014,9/16/2014,10/1/2014,701007
1299015,101085,230797,6172009,3499537,2/21/2014,1/27/2014,3/19/2014,701010
1120518,101022,210032,6193001,3511434,12/11/2014,11/6/2014,12/31/2014,701010
828037,101085,230780,6202004,3516536,11/19/2014,10/4/2014,12/20/2014,701010
843023,101031,230584,6220004,3526748,12/7/2013,10/24/2013,1/7/2014,701010
1237536,101073,230711,6228010,3531277,12/31/2014,12/30/2014,12/31/2014,701010
931502,101015,210021,6232007,3533555,12/18/2014,12/9/2014,12/31/2014,701010
1453512,101154,210197,6255004,3546593,11/1/2013,12/20/2013,11/29/2013,701010
1003508,101090,230853,6258001,3548287,6/14/2013,7/23/2013,7/18/2013,701010
1426507,101085,230767,6289005,3565868,5/9/2014,4/2/2014,6/8/2014,701010
82504,101070,220429,6293010,3568137,6/23/2014,7/3/2014,7/18/2014,701009
1465526,101033,220343,6302008,3573236,6/24/2014,5/13/2014,7/19/2014,701010
262503,101138,210176,6310006,3577782,12/1/2014,11/23/2014,12/26/2014,701004
1471508,101161,210207,6316001,3581180,6/20/2013,7/26/2013,7/23/2013,701010
382512,101035,220359,6336009,3592519,4/17/2013,5/15/2013,5/13/2013,701005
1377008,101085,230807,6337008,3593090,7/19/2014,7/3/2014,8/21/2014,701010
352537,101044,220395,6341001,3595356,7/19/2014,7/26/2014,8/18/2014,701008
624038,101073,230727,6363009,3607834,3/15/2013,4/16/2013,4/9/2013,701010
1269018,101171,210222,6367009,3610096,4/22/2014,4/29/2014,5/20/2014,701010
687010,101031,230583,6408002,3633338,7/23/2013,9/15/2013,8/20/2013,701010
930021,101034,230622,6409009,3633914,6/8/2014,7/7/2014,7/8/2014,701010
1371005,101195,210255,6419009,3639585,6/11/2014,5/27/2014,7/13/2014,701010
573039,101154,210197,6453002,3658859,9/25/2013,11/15/2013,10/25/2013,701003
127518,101162,210209,6463002,3664528,12/16/2013,11/17/2013,1/14/2014,701011
241534,101093,220485,6464003,3665094,3/21/2014,2/4/2014,4/16/2014,701004
189009,101038,220388,6468009,3667369,10/31/2014,12/25/2014,11/26/2014,701010
532529,101065,220427,6490001,3679838,7/8/2013,9/6/2013,8/6/2013,701010
445502,101030,220332,6493004,3681536,6/7/2014,4/25/2014,7/9/2014,701010
309018,101100,210119,6512008,3692317,6/7/2013,6/7/2013,7/11/2013,701005
261040,101069,230702,6518005,3695713,1/29/2014,3/6/2014,3/1/2014,701009
900025,101033,220344,6527008,3700812,8/18/2013,8/17/2013,9/16/2013,701010
1059006,101065,220417,6528006,3701385,12/31/2014,11/11/2014,12/31/2014,701010
811512,101180,210233,6537003,3706482,2/13/2014,1/19/2014,3/15/2014,701010
190534,101196,210256,6554009,3716119,2/13/2013,2/7/2013,3/19/2013,701010
1441519,101092,210109,6577005,3729168,11/27/2014,10/22/2014,12/23/2014,701010
367526,101038,220379,6600003,3742210,7/15/2014,5/30/2014,8/15/2014,701005
735027,101034,230632,6613008,3749584,7/26/2014,7/11/2014,8/28/2014,701010
991508,101073,230709,6615006,3750706,4/16/2013,4/28/2013,5/14/2013,701010
433534,101127,210159,6620003,3753547,5/30/2013,4/6/2013,6/25/2013,701009
502502,101090,230842,6633004,3760918,7/16/2014,6/14/2014,8/14/2014,701005
868505,101185,210240,6649002,3769988,12/31/2014,12/24/2014,12/31/2014,701010
1365003,101086,220477,6672007,3783026,10/29/2013,12/1/2013,12/1/2013,701010
244539,101085,230808,6685006,3790400,11/20/2014,11/26/2014,12/24/2014,701006
465003,101085,230812,6715008,3807408,12/31/2014,11/17/2014,12/31/2014,701002
954009,101069,230701,6728002,3814786,3/7/2014,2/15/2014,4/10/2014,701010
1467015,101140,210179,6735002,3818756,5/15/2014,5/15/2014,6/17/2014,701010
1386024,101117,210143,6743005,3823294,2/7/2014,2/12/2014,3/11/2014,701010
13537,101090,230828,6763007,3834633,3/12/2014,1/28/2014,4/8/2014,701004
297027,101069,230679,6797002,3853903,12/16/2013,12/31/2013,1/18/2014,701001
387018,101038,220387,6803009,3857310,5/27/2014,6/12/2014,6/22/2014,701011
1401040,101090,230832,6814003,3863543,2/5/2014,12/11/2013,3/3/2014,701010
418504,101031,230591,6817003,3865247,10/18/2013,11/25/2013,11/13/2013,701003
1510,101090,230865,6824010,3869214,12/19/2014,12/15/2014,12/31/2014,701007
879038,101090,230858,6871008,3895868,8/29/2014,8/9/2014,10/2/2014,701010
766509,101049,210059,6876009,3898703,6/19/2013,7/12/2013,7/14/2013,701010
1167034,101086,220476,6877007,3899272,5/22/2014,7/5/2014,6/18/2014,701010
726012,101085,230758,6892007,3907769,1/13/2014,1/30/2014,2/8/2014,701010
1198506,101016,210023,6896002,3910039,11/24/2014,11/21/2014,12/24/2014,701010
637506,101086,220467,6902006,3913436,9/24/2014,10/8/2014,10/19/2014,701010
1131028,101030,220325,6921006,3924209,11/30/2013,1/13/2014,12/30/2013,701010
640515,101090,230834,6926006,3927051,5/5/2013,5/30/2013,6/1/2013,701010
925521,101085,230759,6930009,3929320,11/27/2014,11/9/2014,12/29/2014,701010
12008,101073,230756,6935004,3932146,12/27/2013,11/3/2013,1/25/2014,701001
1125024,101010,210012,6955001,3943497,6/7/2013,7/11/2013,7/6/2013,701010
594030,101085,230779,6963009,3948031,9/5/2013,9/10/2013,10/6/2013,701003
1189507,101004,220296,6972007,3953125,8/29/2014,7/22/2014,9/24/2014,701010
1303520,101073,230733,6975004,3954829,8/9/2013,7/29/2013,9/11/2013,701010
541512,101069,230690,6986009,3961064,8/4/2013,8/18/2013,9/2/2013,701009
379520,101069,230660,6987009,3961633,9/20/2013,8/16/2013,10/17/2013,701005
1353011,101084,210103,6992010,3964469,9/26/2014,10/6/2014,10/27/2014,701010
777001,101020,210029,7000008,3969007,7/28/2014,8/13/2014,8/30/2014,701010
105022,101112,210136,7008003,3973549,8/15/2014,7/23/2014,9/17/2014,701003
207031,101075,210092,7011004,3975248,2/10/2014,1/9/2014,3/7/2014,701004
1233028,101085,230765,7013001,3976384,12/2/2014,12/16/2014,12/31/2014,701010
148516,101034,230631,7027008,3984311,2/4/2014,12/31/2013,3/10/2014,701009
603037,101004,220299,7036009,3989415,8/16/2014,7/4/2014,9/16/2014,701005
499507,101171,210222,7039005,3991122,6/2/2013,4/15/2013,7/6/2013,701004
667519,101076,210093,7082008,4015498,1/4/2014,11/30/2013,2/1/2014,701010
1335028,101109,210132,7083003,4016074,6/6/2014,6/13/2014,7/4/2014,701010
103516,101073,230736,7100009,4025708,12/19/2013,12/16/2013,1/22/2014,701011
1398009,101082,220457,7106010,4029103,12/21/2013,1/10/2014,1/19/2014,701010
939025,101034,230633,7108008,4030244,7/27/2014,8/14/2014,8/24/2014,701010
331505,101090,230829,7112009,4032510,8/1/2013,9/8/2013,8/29/2013,701011
1479030,101073,230732,7133010,4044422,7/9/2014,6/22/2014,8/8/2014,701010
736523,101001,210002,7136005,4046118,11/23/2014,12/8/2014,12/24/2014,701010
990010,101069,230681,7137008,4046684,5/18/2014,6/24/2014,6/13/2014,701010
76511,101068,210086,7144008,4050654,12/31/2014,12/6/2014,12/31/2014,701002
664522,101030,220327,7155010,4056891,12/25/2013,1/11/2014,1/24/2014,701010
150014,101070,220436,7161005,4060296,5/13/2013,5/23/2013,6/12/2013,701003
985522,101073,230753,7164007,4061996,5/19/2014,3/30/2014,6/16/2014,701010
390035,101090,230852,7212009,4089209,9/6/2014,7/12/2014,10/3/2014,701004
45019,101035,220366,7217002,4092052,7/26/2013,8/27/2013,8/22/2013,701010
1231532,101030,220321,7225004,4096579,10/14/2014,10/26/2014,11/14/2014,701010
810003,101027,210037,7233005,4101118,4/15/2014,2/23/2014,5/13/2014,701010
237003,101031,230540,7238009,4103947,8/8/2014,8/22/2014,9/9/2014,701002
1102517,101090,230849,7248004,4109622,9/21/2014,9/15/2014,10/22/2014,701010
864036,101004,220295,7250010,4110754,8/21/2013,8/29/2013,9/19/2013,701010
1141530,101138,210176,7259003,4115864,4/23/2014,3/30/2014,5/22/2014,701010
1374005,101025,220306,7271006,4122668,10/30/2014,10/13/2014,12/2/2014,701010
1116029,101085,230806,7278002,4126637,7/13/2014,6/1/2014,8/11/2014,701010
369019,101069,230664,7285002,4130602,1/2/2014,1/6/2014,1/31/2014,701003
1375516,101098,220522,7296002,4136845,11/4/2014,10/8/2014,12/7/2014,701010
31516,101141,210180,7304002,4141374,1/17/2013,1/15/2013,2/18/2013,701002
204027,101169,210219,7305001,4141938,5/14/2014,4/13/2014,6/16/2014,701007
471028,101073,230752,7320003,4150452,6/21/2014,8/12/2014,7/16/2014,701010
562515,101069,230700,7324009,4152719,12/20/2013,11/30/2013,1/22/2014,701010
1084536,101073,230740,7331004,4156680,3/7/2014,3/2/2014,4/6/2014,701010
15009,101038,220390,7353010,4169160,11/20/2014,11/16/2014,12/15/2014,701002
301511,101090,230868,7354006,4169726,4/22/2013,4/8/2013,5/26/2013,701008
816024,101031,230576,7368001,4177658,6/10/2013,6/10/2013,7/13/2013,701010
223524,101034,230640,7371009,4179368,11/9/2013,9/11/2013,12/13/2013,701001
1153517,101025,220314,7372005,4179934,4/11/2014,2/25/2014,5/11/2014,701010
466511,101090,230872,7411003,4202043,4/11/2014,4/24/2014,5/7/2014,701010
955510,101090,230845,7426002,4210546,8/29/2013,8/23/2013,9/27/2013,701010
484532,101061,210076,7430001,4212818,7/20/2014,6/11/2014,8/15/2014,701001
717032,101098,220538,7436001,4216225,9/19/2014,11/5/2014,10/19/2014,701010
543038,101038,220390,7438009,4217359,8/4/2014,6/7/2014,9/5/2014,701011
1122018,101110,210133,7480006,4241163,4/29/2013,3/23/2013,5/31/2013,701010
645011,101082,220456,7483005,4242872,12/2/2014,10/4/2014,12/31/2014,701010
856536,101069,230674,7484008,4243435,3/24/2014,4/12/2014,4/18/2014,701010
267005,101073,230731,7498006,4251379,9/2/2014,9/8/2014,10/4/2014,701009
1083018,101004,220299,7499004,4251938,3/28/2013,4/12/2013,4/30/2013,701010
1396526,101034,230619,7502007,4253635,9/19/2014,8/31/2014,10/22/2014,701010
292519,101034,230622,7506009,4255904,2/27/2013,4/25/2013,3/27/2013,701001
42035,101096,220505,7510009,4258182,6/14/2014,7/30/2014,7/9/2014,701001
1356014,101162,210209,7543010,4276884,6/2/2014,5/9/2014,7/5/2014,701010
552023,101122,210151,7554003,4283128,3/25/2014,4/21/2014,4/22/2014,701008
724511,101004,220283,7579001,4297304,7/6/2014,5/16/2014,8/7/2014,701010
1315510,101004,220287,7595002,4306374,10/15/2013,12/6/2013,11/15/2013,701010
1341007,101033,220344,7599004,4308645,6/15/2014,6/25/2014,7/18/2014,701010
1294520,101085,230774,7608007,4313748,12/31/2014,12/4/2014,12/31/2014,701010
144022,101121,210148,7611002,4315440,12/11/2013,1/2/2014,1/14/2014,701004
621035,101085,230811,7612010,4316008,1/1/2014,11/25/2013,2/1/2014,701010
549010,101090,230864,7615008,4317714,3/18/2013,3/8/2013,4/12/2013,701007
1042526,101082,220456,7619001,4319985,10/10/2013,8/13/2013,11/7/2013,701010
834005,101096,220515,7629002,4325644,5/2/2013,4/24/2013,5/30/2013,701010
1035036,101090,230865,7630001,4326222,12/11/2013,1/30/2014,1/5/2014,701010
1414531,101035,220353,7643009,4333582,8/6/2014,6/9/2014,9/8/2014,701010
1098039,101074,210089,7646010,4335291,7/5/2013,7/2/2013,7/30/2013,701010
1330507,101069,230685,7649006,4336993,4/13/2013,2/13/2013,5/10/2013,701010
646538,101038,220384,7678005,4353439,9/16/2014,8/15/2014,10/16/2014,701010
36022,101090,230838,7688007,4359101,10/23/2013,12/10/2013,11/20/2013,701004
1395021,101042,210051,7711001,4372140,11/23/2014,11/9/2014,12/18/2014,701010
46501,101025,220312,7720004,4377244,5/20/2014,5/11/2014,6/20/2014,701004
1249528,101161,210208,7732003,4384052,4/9/2013,3/14/2013,5/4/2013,701010
690016,101085,230783,7756009,4397660,7/19/2013,9/10/2013,8/19/2013,701010
1273531,101118,210144,7760003,4399930,5/5/2014,5/30/2014,6/4/2014,701010
604504,101082,220456,7779004,4410705,8/25/2013,10/20/2013,9/27/2013,701006
226516,101076,210094,7786005,4414671,7/3/2013,6/20/2013,8/3/2013,701006
364536,101035,220362,7800009,4422609,11/13/2013,10/6/2013,12/13/2013,701004
384011,101033,220343,7808008,4427146,12/31/2014,12/14/2014,12/31/2014,701008
942034,101191,210250,7821006,4434519,12/8/2014,10/16/2014,12/31/2014,701010
142525,101004,220300,7824006,4436221,4/25/2014,5/11/2014,5/21/2014,701004
607524,101186,210242,7832007,4440748,11/3/2014,11/2/2014,12/6/2014,701002
265527,101085,230795,7846004,4448690,7/8/2013,5/22/2013,8/10/2013,701001
1429522,101069,230664,7873006,4464004,4/7/2014,5/15/2014,5/7/2014,701010
822008,101034,230612,7879006,4467404,3/22/2013,2/5/2013,4/20/2013,701010
334501,101085,230812,7887001,4471935,11/10/2014,12/5/2014,12/14/2014,701006
216009,101194,210254,7928004,4495181,8/19/2014,6/30/2014,9/22/2014,701006
39011,101065,220413,7936004,4499719,5/17/2014,4/26/2014,6/17/2014,701006
1171516,101065,220413,7948009,4506524,4/11/2013,5/2/2013,5/10/2013,701010
702031,101085,230800,7958004,4512192,5/4/2014,5/30/2014,5/29/2014,701010
1126530,101090,230815,7963006,4515030,5/11/2014,3/24/2014,6/12/2014,701010
169526,101031,230585,7966005,4516726,2/6/2014,4/3/2014,3/11/2014,701011
454511,101105,210127,7982008,4525805,11/14/2014,11/1/2014,12/12/2014,701002
1030537,101099,210117,8034009,4555283,9/25/2013,8/17/2013,10/20/2013,701010
961537,101069,230687,8055001,4567189,5/22/2013,5/15/2013,6/20/2013,701010
1174519,101186,210243,8065003,4572866,4/21/2013,5/5/2013,5/25/2013,701010
1194001,101090,230841,8074009,4577969,2/7/2014,4/2/2014,3/6/2014,701010
1044034,101090,230853,8077009,4579667,10/20/2014,9/24/2014,11/18/2014,701010
354035,101069,230657,8099004,4592139,3/1/2014,4/24/2014,3/28/2014,701005
1020019,101073,230753,8103009,4594411,9/27/2013,10/3/2013,10/29/2013,701010
129016,101090,230856,8104008,4594971,9/11/2014,9/18/2014,10/7/2014,701009
4507,101073,230731,8114002,4600650,3/15/2014,4/30/2014,4/14/2014,701011
1351507,101093,220494,8126001,4607454,6/19/2014,5/7/2014,7/16/2014,701010
1024533,101085,230764,8134008,4611981,8/18/2014,7/11/2014,9/15/2014,701010
453023,101093,220486,8136006,4613117,12/31/2014,11/28/2014,12/31/2014,701006
699027,101111,210135,8149002,4620489,7/9/2013,6/26/2013,8/3/2013,701010
1326019,101082,220459,8164009,4628999,11/16/2013,11/26/2013,12/18/2013,701010
910506,101034,230608,8185010,4640900,5/6/2014,7/4/2014,5/31/2014,701010
1387511,101090,230815,8197004,4647707,5/7/2014,4/12/2014,6/2/2014,701010
820532,101034,230631,8217008,4659049,9/5/2013,8/18/2013,10/3/2013,701010
1180528,101117,210143,8219005,4660175,2/16/2014,3/7/2014,3/21/2014,701010
1470018,101084,210103,8224004,4663018,4/25/2014,5/2/2014,5/26/2014,701010
16512,101122,210150,8241009,4672654,5/11/2014,5/4/2014,6/13/2014,701006
1413034,101021,210030,8245009,4674927,1/19/2014,2/22/2014,2/18/2014,701010
1105524,101073,230731,8256010,4681165,10/11/2014,10/4/2014,11/10/2014,701010
850533,101086,220478,8277010,4693060,2/10/2014,12/25/2013,3/14/2014,701010
430532,101069,230660,8288007,4699297,11/11/2014,11/30/2014,12/6/2014,701011
165040,101128,210160,8299010,4705535,12/31/2014,12/31/2014,12/31/2014,701006
1066527,101013,210017,8300002,4706104,2/13/2014,1/11/2014,3/18/2014,701010
885014,101024,210034,8314010,4714040,9/30/2013,11/27/2013,10/27/2013,701010
253507,101146,210187,8322006,4718582,10/9/2013,8/28/2013,11/12/2013,701008
1107005,101031,230556,8331001,4723682,11/3/2014,10/25/2014,12/5/2014,701010
342007,101073,230730,8341004,4729349,8/20/2014,7/21/2014,9/17/2014,701010
1432530,101086,220479,8360001,4740122,6/8/2013,7/10/2013,7/10/2013,701010
663020,101002,220267,8366007,4743534,9/26/2014,11/6/2014,10/25/2014,701010
1147514,101082,220461,8385005,4754306,1/3/2014,1/4/2014,2/6/2014,701010
7538,101090,230855,8387004,4755433,9/12/2014,10/18/2014,10/10/2014,701006
1111515,101034,230644,8408009,4767349,8/23/2013,8/4/2013,9/25/2013,701010
1314026,101085,230800,8421002,4774711,10/3/2014,10/16/2014,11/3/2014,701010
372034,101185,210240,8430004,4779819,10/13/2014,10/3/2014,11/16/2014,701007
210010,101090,230872,8441006,4786054,4/6/2014,4/8/2014,5/6/2014,701001
198009,101073,230705,8442003,4786620,11/4/2014,12/31/2014,12/4/2014,701004
205503,101090,230824,8444003,4787755,9/5/2013,7/30/2013,10/5/2013,701010
250531,101034,230636,8448010,4790024,8/30/2013,8/4/2013,9/30/2013,701008
1462512,101108,210131,8464008,4799100,7/31/2013,6/22/2013,8/30/2013,701010
993035,101069,230678,8471008,4803063,9/8/2014,10/9/2014,10/8/2014,701010
966025,101069,230694,8475001,4805335,6/15/2014,7/18/2014,7/10/2014,701010
729017,101168,210217,8477002,4806464,10/15/2014,11/1/2014,11/18/2014,701010
979533,101096,220518,8478007,4807034,2/19/2014,4/20/2014,3/22/2014,701010
67520,101031,230594,8482010,4809299,7/4/2013,5/10/2013,8/1/2013,701007
880505,101034,230626,8491004,4814404,6/13/2014,5/19/2014,7/9/2014,701010
94539,101031,230585,8495007,4816671,8/2/2013,7/2/2013,9/3/2013,701004
330004,101197,210258,8498009,4818379,5/9/2014,3/21/2014,6/12/2014,701003
1161026,101004,220293,8513006,4826876,1/16/2014,11/28/2013,2/14/2014,701010
1227023,101083,210102,8518008,4829708,8/24/2014,7/23/2014,9/18/2014,701010
1339528,101069,230703,8522006,4831982,3/24/2014,3/1/2014,4/20/2014,701010
559506,101038,220379,8541010,4842756,12/23/2014,11/22/2014,12/31/2014,701006
1050003,101085,230804,8544004,4844457,9/27/2014,9/11/2014,10/30/2014,701010
555007,101034,230605,8547010,4846156,4/7/2014,2/25/2014,5/3/2014,701008
1366530,101035,220356,8571002,4859767,8/24/2014,7/18/2014,9/18/2014,701010
355540,101082,220458,8583001,4866566,10/27/2014,11/17/2014,11/21/2014,701005
768015,101090,230831,8590010,4870532,10/30/2014,9/30/2014,11/25/2014,701010
759013,101031,230593,8616008,4885280,11/14/2013,9/23/2013,12/17/2013,701010
106515,101031,230560,8652009,4905692,8/3/2014,7/19/2014,9/5/2014,701001
168002,101093,220490,8676009,4919302,8/5/2014,7/7/2014,9/3/2014,701002
315009,101073,230751,8692005,4928370,12/10/2014,11/23/2014,12/31/2014,701009
231002,101034,230611,8727009,4948222,4/17/2014,3/6/2014,5/20/2014,701008
531022,101033,220350,8734003,4952185,10/10/2014,10/16/2014,11/8/2014,701007
538511,101034,230636,8740002,4955584,5/30/2013,6/2/2013,7/2/2013,701004
1408503,101064,210081,8763003,4968633,7/7/2013,7/17/2013,8/10/2013,701010
1440028,101004,220299,8775009,4975428,7/10/2013,5/22/2013,8/13/2013,701010
27001,101035,220360,8800004,4989606,5/21/2013,5/17/2013,6/21/2013,701008
568523,101035,220355,8807002,4993571,8/17/2013,7/1/2013,9/19/2013,701009
171032,101035,220355,8825010,5003786,1/16/2013,2/13/2013,2/10/2013,701010
747011,101069,230669,8843001,5013986,8/27/2014,10/24/2014,9/22/2014,701010
400539,101103,210124,8847008,5016259,5/4/2013,5/4/2013,6/6/2013,701008
412517,101124,210154,8853008,5019661,6/10/2013,6/2/2013,7/11/2013,701004
592522,101034,230614,8866004,5027034,3/6/2013,5/1/2013,4/2/2013,701008
583526,101075,210092,8869002,5028731,11/28/2014,10/28/2014,12/24/2014,701007
460507,101090,230825,8881010,5035540,3/20/2013,3/27/2013,4/18/2013,701004
748506,101065,220414,8887006,5038942,12/23/2012,2/17/2013,1/18/2013,701010
1176030,101069,230685,8903001,5048003,4/9/2014,4/10/2014,5/12/2014,701010
792029,101031,230563,8912007,5053107,8/17/2014,10/16/2014,9/12/2014,701010
1021516,101090,230829,8913001,5053674,4/14/2014,3/23/2014,5/10/2014,701010
696027,101002,220273,8917002,5055948,3/16/2013,3/23/2013,4/16/2013,701010
883504,101035,220363,8920010,5057652,11/1/2014,9/21/2014,12/5/2014,701010
1132530,101030,220329,8935010,5066158,3/29/2014,5/15/2014,4/27/2014,701010
742525,101065,220423,8937001,5067286,2/28/2014,2/21/2014,3/29/2014,701010
1230010,101009,210011,8939004,5068415,3/3/2013,4/16/2013,4/6/2013,701010
688531,101034,230626,8964008,5082589,3/4/2014,4/26/2014,3/30/2014,701010
591026,101031,230564,8968010,5084858,5/16/2014,4/23/2014,6/16/2014,701001
442502,101007,210008,8975002,5088836,9/21/2013,8/29/2013,10/16/2013,701009
1110015,101069,230673,8982010,5092804,10/11/2014,8/24/2014,11/6/2014,701010
1239008,101093,220496,8987002,5095631,11/3/2013,12/12/2013,12/4/2013,701010
658540,101073,230726,9000010,5103004,1/1/2014,11/21/2013,2/4/2014,701010
711005,101093,220494,9002004,5104143,7/14/2014,6/10/2014,8/11/2014,701010
546014,101033,220339,9003004,5104710,5/18/2014,4/17/2014,6/15/2014,701009
1284012,101024,210034,9004008,5105278,11/18/2014,9/23/2014,12/20/2014,701010
99030,101150,210192,9009006,5108114,4/28/2013,6/1/2013,5/31/2013,701003
151530,101198,210259,9012010,5109815,5/24/2013,6/16/2013,6/23/2013,701002
1165524,101092,210109,9021006,5114916,4/16/2013,4/23/2013,5/13/2013,701010
447022,101041,210048,9022009,5115486,8/3/2014,7/28/2014,8/29/2014,701009
1312515,101031,230584,9024004,5116610,5/15/2014,7/12/2014,6/10/2014,701010
963036,101197,210257,9064001,5139289,5/15/2013,5/5/2013,6/10/2013,701010
1443010,101082,220446,9079007,5147806,3/16/2014,3/3/2014,4/18/2014,701010
228033,101170,210221,9086005,5151774,10/21/2013,12/9/2013,11/17/2013,701001
166522,101090,230823,9104004,5161981,1/22/2014,2/4/2014,2/19/2014,701002
213032,101030,220325,9106007,5163105,9/2/2013,9/23/2013,10/1/2013,701007
1383024,101069,230670,9113009,5167081,4/5/2013,2/14/2013,5/8/2013,701010
1297540,101035,220368,9128003,5175585,11/18/2014,11/9/2014,12/20/2014,701010
795017,101062,210079,9137002,5180691,5/14/2014,5/7/2014,6/10/2014,701010
802503,101096,220516,9169006,5198836,6/5/2014,7/26/2014,7/7/2014,701010
1461037,101035,220367,9179006,5204499,10/31/2014,12/24/2014,12/1/2014,701010
855017,101070,220439,9186009,5208463,11/7/2014,9/28/2014,12/6/2014,701010
1104015,101004,220288,9210001,5222082,8/20/2013,6/28/2013,9/15/2013,701010
577522,101160,210206,9213005,5223781,2/15/2014,1/4/2014,3/14/2014,701007
444032,101065,220418,9223002,5229447,8/14/2014,10/1/2014,9/14/2014,701011
684021,101031,230585,9246009,5242493,2/8/2014,2/22/2014,3/13/2014,701010
639031,101002,220266,9258009,5249291,10/11/2013,11/26/2013,11/12/2013,701010
571503,101065,220421,9266009,5253823,9/21/2014,10/4/2014,10/25/2014,701001
1159521,101199,210262,9272007,5257228,3/5/2014,3/4/2014,4/8/2014,701010
936040,101085,230775,9322010,5285581,3/21/2013,4/29/2013,4/19/2013,701010
1329034,101169,210220,9332004,5291256,1/25/2014,2/4/2014,2/19/2014,701010
1434024,101090,230832,9337007,5294088,4/20/2014,5/1/2014,5/16/2014,701010
831037,101002,220265,9356010,5304864,6/19/2014,6/21/2014,7/19/2014,701010
1086030,101131,210164,9365007,5309967,7/6/2014,5/31/2014,8/3/2014,701010
544525,101100,210119,9372006,5313926,8/22/2013,7/31/2013,9/22/2013,701001
1437040,101061,210076,9398001,5328670,12/24/2014,12/7/2014,12/31/2014,701010
1051531,101085,230782,9424004,5343419,12/8/2013,12/13/2013,1/11/2014,701010
1321508,101069,230703,9427005,5345116,9/4/2014,9/21/2014,10/4/2014,701010
52515,101120,210147,9428007,5345677,3/16/2014,5/15/2014,4/18/2014,701001
139516,101030,220319,9429004,5346248,8/9/2013,9/18/2013,9/9/2013,701004
580529,101034,230615,9438007,5351348,7/27/2014,8/3/2014,8/30/2014,701011
841524,101033,220339,9441002,5353051,10/19/2013,11/10/2013,11/18/2013,701010
405016,101069,230703,9443002,5354184,2/13/2014,1/2/2014,3/11/2014,701006
1155001,101070,220439,9451010,5358720,10/28/2014,11/18/2014,12/1/2014,701010
540040,101090,230819,9468004,5368360,12/17/2013,12/23/2013,1/15/2014,701001
765009,101103,210124,9475003,5372327,10/8/2014,8/11/2014,11/8/2014,701010
474004,101030,220331,9498008,5385376,2/12/2014,1/28/2014,3/14/2014,701002
1228522,101122,210150,9531007,5404089,2/9/2014,1/11/2014,3/7/2014,701010
427525,101069,230685,9556006,5418264,7/22/2013,6/27/2013,8/23/2013,701009
219024,101069,230669,9558005,5419390,1/15/2014,1/22/2014,2/10/2014,701001
652525,101090,230865,9587002,5435834,9/1/2014,10/15/2014,9/27/2014,701010
1150502,101035,220352,9588003,5436407,12/9/2013,12/5/2013,1/6/2014,701010
771012,101085,230794,9591005,5438109,12/21/2014,12/31/2014,12/31/2014,701010
163522,101082,220453,9593002,5439233,8/12/2013,9/26/2013,9/13/2013,701006
547535,101096,220515,9625004,5457377,5/27/2013,7/23/2013,6/26/2013,701001
589527,101010,210013,9643002,5467594,11/8/2013,1/3/2014,12/9/2013,701005
1449036,101061,210077,9645010,5468724,10/18/2014,9/25/2014,11/13/2014,701010
277522,101093,220485,9648007,5470418,5/16/2014,4/28/2014,6/14/2014,701011
1420508,101031,230569,9653001,5473260,6/10/2013,4/28/2013,7/12/2013,701010
256505,101096,220502,9661010,5477793,8/27/2013,8/7/2013,9/26/2013,701008
750023,101171,210222,9670004,5482891,9/1/2014,9/8/2014,10/4/2014,701010
574530,101069,230692,9707009,5503872,10/4/2014,10/12/2014,10/29/2014,701005
370509,101004,220293,9709006,5505008,6/11/2014,7/31/2014,7/14/2014,701010
852037,101084,210103,9722007,5512378,5/18/2014,5/5/2014,6/15/2014,701010
1138517,101027,210037,9723001,5512953,10/22/2014,11/17/2014,11/20/2014,701010
1060520,101031,230542,9730006,5516921,8/26/2014,6/30/2014,9/21/2014,701010
1192521,101097,210115,9746005,5525984,5/2/2013,3/25/2013,6/1/2013,701010
363027,101030,220320,9772001,5540737,8/2/2013,9/16/2013,9/1/2013,701007
1282529,101031,230544,9774007,5541871,8/20/2013,8/10/2013,9/18/2013,701010
220532,101031,230582,9778004,5544131,5/8/2013,6/26/2013,6/7/2013,701009
1213515,101186,210242,9804004,5558877,6/8/2014,5/28/2014,7/4/2014,701010
1219527,101169,210220,9814004,5564549,6/29/2013,5/27/2013,7/25/2013,701010
481517,101125,210155,9816004,5565675,4/23/2013,5/19/2013,5/25/2013,701010
918016,101085,230799,9817003,5566242,12/7/2014,11/6/2014,12/31/2014,701010
1480526,101200,210264,9825001,5570783,9/27/2014,11/10/2014,10/29/2014,701010
634516,101080,210098,9830009,5573623,5/2/2013,4/19/2013,5/29/2013,701010
1266026,101004,220298,9831001,5574183,3/25/2013,2/28/2013,4/21/2013,701010
714007,101124,210154,9843001,5580988,6/12/2013,7/6/2013,7/8/2013,701010
375015,101082,220450,9845009,5582125,5/30/2013,7/9/2013,7/1/2013,701001
1053011,101097,210115,9847007,5583250,3/17/2014,2/10/2014,4/20/2014,701010
79531,101069,230654,9850004,5584961,12/18/2013,1/12/2014,1/16/2014,701005
1287014,101069,230663,9854009,5587220,12/29/2013,10/31/2013,1/30/2014,701010
37505,101031,230586,9862009,5591767,8/9/2013,8/4/2013,9/11/2013,701008
1224008,101035,220360,9873008,5598003,1/27/2014,1/6/2014,2/21/2014,701010
1276505,101038,220387,9886007,5605375,6/13/2014,5/19/2014,7/10/2014,701010
357010,101139,210177,9898007,5612175,8/2/2013,6/22/2013,9/5/2013,701003
1257025,101082,220447,9904003,5615571,10/12/2014,10/9/2014,11/15/2014,701010
975001,101034,230612,9922004,5625779,9/29/2014,8/17/2014,10/29/2014,701010
784507,101161,210207,9924003,5626916,11/28/2014,11/22/2014,12/28/2014,701010
1252527,101090,230826,9932009,5631448,4/21/2013,5/1/2013,5/24/2013,701010
556507,101120,210147,9947004,5639952,6/16/2014,4/29/2014,7/11/2014,701009
1342535,101002,220267,9957008,5645621,9/2/2014,9/26/2014,9/28/2014,701010
1062017,101085,230760,9959009,5646755,4/16/2014,3/20/2014,5/16/2014,701010
121520,101034,230629,9976003,5656393,12/21/2012,2/16/2013,1/21/2013,701001
396009,101073,230709,9977003,5656964,5/8/2014,4/12/2014,6/6/2014,701003
288035,101019,210028,9985008,5661502,1/2/2014,12/10/2013,1/31/2014,701011
349523,101182,210236,9986009,5662073,10/19/2013,11/30/2013,11/18/2013,701010
118525,101004,220284,9990006,5664332,8/26/2013,8/27/2013,9/23/2013,701005
