Warehouse ID,Product ID,On Hand Quantity,Inventory U/M,On Hand Quantity STD UM,Lead time,Order Quantity
301004,110101,610,EACH,610,14,500
301003,110101,749,EACH,749,14,500
301002,110101,362,EACH,362,14,500
301004,110102,509,EACH,509,14,500
301003,110102,625,EACH,625,14,500
301002,110102,302,EACH,302,14,500
301004,110103,611,EACH,611,14,500
301003,110103,749,EACH,749,14,500
301002,110103,362,EACH,362,14,500
301004,110104,1729,EACH,1729,14,500
301003,110104,2121,EACH,2121,14,500
301002,110104,1025,EACH,1025,14,500
301004,110105,1526,EACH,1526,14,500
301003,110105,1874,EACH,1874,14,500
301002,110105,904,EACH,904,14,500
301004,110106,611,EACH,611,14,500
301003,110106,749,EACH,749,14,500
301002,110106,362,EACH,362,14,500
301004,110107,509,EACH,509,14,500
301003,110107,624,EACH,624,14,500
301002,110107,302,EACH,302,14,500
301004,110201,509,EACH,509,14,500
301003,110201,624,EACH,624,14,500
301002,110201,302,EACH,302,14,500
301004,110202,611,EACH,611,14,500
301003,110202,749,EACH,749,14,500
301002,110202,362,EACH,362,14,500
301004,110203,509,EACH,509,14,500
301003,110203,625,EACH,625,14,500
301002,110203,302,EACH,302,14,500
301004,110204,1730,EACH,1730,14,500
301003,110204,2123,EACH,2123,14,500
301002,110204,1026,EACH,1026,14,500
301004,110205,1932,EACH,1932,14,500
301003,110205,2373,EACH,2373,14,500
301002,110205,1147,EACH,1147,14,500
301004,110206,611,EACH,611,14,500
301003,110206,749,EACH,749,14,500
301002,110206,362,EACH,362,14,500
301004,110207,611,EACH,611,14,500
301003,110207,749,EACH,749,14,500
301002,110207,362,EACH,362,14,500
301004,110301,509,EACH,509,14,500
301003,110301,624,EACH,624,14,500
301002,110301,302,EACH,302,14,500
301004,110302,509,EACH,509,14,500
301003,110302,625,EACH,625,14,500
301002,110302,302,EACH,302,14,500
301004,110303,610,EACH,610,14,500
301003,110303,749,EACH,749,14,500
301002,110303,362,EACH,362,14,500
301004,110304,1934,EACH,1934,14,500
301003,110304,2370,EACH,2370,14,500
301002,110304,1144,EACH,1144,14,500
301004,110305,1829,EACH,1829,14,500
301003,110305,2248,EACH,2248,14,500
301002,110305,1086,EACH,1086,14,500
301004,110306,610,EACH,610,14,500
301003,110306,749,EACH,749,14,500
301002,110306,362,EACH,362,14,500
301004,110307,509,EACH,509,14,500
301003,110307,624,EACH,624,14,500
301002,110307,302,EACH,302,14,500
301004,110401,610,EACH,610,14,500
301003,110401,750,EACH,750,14,500
301002,110401,362,EACH,362,14,500
301004,110402,510,EACH,510,14,500
301003,110402,625,EACH,625,14,500
301002,110402,302,EACH,302,14,500
301004,110403,611,EACH,611,14,500
301003,110403,749,EACH,749,14,500
301002,110403,362,EACH,362,14,500
301004,110404,1728,EACH,1728,14,500
301003,110404,2122,EACH,2122,14,500
301002,110404,1028,EACH,1028,14,500
301004,110405,1628,EACH,1628,14,500
301003,110405,1999,EACH,1999,14,500
301002,110405,964,EACH,964,14,500
301004,110406,610,EACH,610,14,500
301003,110406,749,EACH,749,14,500
301002,110406,362,EACH,362,14,500
301004,110407,611,EACH,611,14,500
301003,110407,749,EACH,749,14,500
301002,110407,362,EACH,362,14,500
301004,110501,509,EACH,509,14,500
301003,110501,624,EACH,624,14,500
301002,110501,302,EACH,302,14,500
301004,110502,509,EACH,509,14,500
301003,110502,624,EACH,624,14,500
301002,110502,302,EACH,302,14,500
301004,110503,509,EACH,509,14,500
301003,110503,624,EACH,624,14,500
301002,110503,302,EACH,302,14,500
301004,110504,1527,EACH,1527,14,500
301003,110504,1871,EACH,1871,14,500
301002,110504,906,EACH,906,14,500
301004,110505,1628,EACH,1628,14,500
301003,110505,1996,EACH,1996,14,500
301002,110505,965,EACH,965,14,500
301004,110506,610,EACH,610,14,500
301003,110506,749,EACH,749,14,500
301002,110506,362,EACH,362,14,500
301004,110507,509,EACH,509,14,500
301003,110507,624,EACH,624,14,500
301002,110507,302,EACH,302,14,500
301004,120101,531,EACH,531,60,200
301003,120101,698,EACH,698,60,200
301002,120101,297,EACH,297,60,200
301004,120102,637,EACH,637,60,200
301003,120102,837,EACH,837,60,200
301002,120102,357,EACH,357,60,200
301004,120103,531,EACH,531,60,200
301003,120103,698,EACH,698,60,200
301002,120103,297,EACH,297,60,200
301004,120104,2014,EACH,2014,60,200
301003,120104,2648,EACH,2648,60,200
301002,120104,1125,EACH,1125,60,200
301004,120105,2018,EACH,2018,60,200
301003,120105,2652,EACH,2652,60,200
301002,120105,1128,EACH,1128,60,200
301004,120106,637,EACH,637,60,200
301003,120106,837,EACH,837,60,200
301002,120106,356,EACH,356,60,200
301004,120107,637,EACH,637,60,200
301003,120107,838,EACH,838,60,200
301002,120107,356,EACH,356,60,200
301004,120201,531,EACH,531,60,200
301003,120201,698,EACH,698,60,200
301002,120201,297,EACH,297,60,200
301004,120202,531,EACH,531,60,200
301003,120202,698,EACH,698,60,200
301002,120202,297,EACH,297,60,200
301004,120203,637,EACH,637,60,200
301003,120203,838,EACH,838,60,200
301002,120203,357,EACH,357,60,200
301004,120204,1911,EACH,1911,60,200
301003,120204,2511,EACH,2511,60,200
301002,120204,1068,EACH,1068,60,200
301004,120205,1804,EACH,1804,60,200
301003,120205,2372,EACH,2372,60,200
301002,120205,1007,EACH,1007,60,200
301004,120206,637,EACH,637,60,200
301003,120206,838,EACH,838,60,200
301002,120206,356,EACH,356,60,200
301004,120207,531,EACH,531,60,200
301003,120207,698,EACH,698,60,200
301002,120207,297,EACH,297,60,200
301004,120301,531,EACH,531,60,200
301003,120301,699,EACH,699,60,200
301002,120301,297,EACH,297,60,200
301004,120302,531,EACH,531,60,200
301003,120302,698,EACH,698,60,200
301002,120302,296,EACH,296,60,200
301004,120303,637,EACH,637,60,200
301003,120303,837,EACH,837,60,200
301002,120303,357,EACH,357,60,200
301004,120304,2014,EACH,2014,60,200
301003,120304,2654,EACH,2654,60,200
301002,120304,1128,EACH,1128,60,200
301004,120305,1699,EACH,1699,60,200
301003,120305,2233,EACH,2233,60,200
301002,120305,949,EACH,949,60,200
301004,120306,638,EACH,638,60,200
301003,120306,837,EACH,837,60,200
301002,120306,356,EACH,356,60,200
301004,120307,638,EACH,638,60,200
301003,120307,838,EACH,838,60,200
301002,120307,356,EACH,356,60,200
301004,120401,637,EACH,637,60,200
301003,120401,837,EACH,837,60,200
301002,120401,357,EACH,357,60,200
301004,120402,531,EACH,531,60,200
301003,120402,699,EACH,699,60,200
301002,120402,297,EACH,297,60,200
301004,120403,637,EACH,637,60,200
301003,120403,838,EACH,838,60,200
301002,120403,356,EACH,356,60,200
301004,120404,1910,EACH,1910,60,200
301003,120404,2508,EACH,2508,60,200
301002,120404,1069,EACH,1069,60,200
301004,120405,1593,EACH,1593,60,200
301003,120405,2091,EACH,2091,60,200
301002,120405,890,EACH,890,60,200
301004,120406,638,EACH,638,60,200
301003,120406,838,EACH,838,60,200
301002,120406,357,EACH,357,60,200
301004,120407,531,EACH,531,60,200
301003,120407,698,EACH,698,60,200
301002,120407,297,EACH,297,60,200
301004,120501,531,EACH,531,60,200
301003,120501,698,EACH,698,60,200
301002,120501,297,EACH,297,60,200
301004,120502,531,EACH,531,60,200
301003,120502,698,EACH,698,60,200
301002,120502,297,EACH,297,60,200
301004,120503,637,EACH,637,60,200
301003,120503,837,EACH,837,60,200
301002,120503,356,EACH,356,60,200
301004,120504,1803,EACH,1803,60,200
301003,120504,2371,EACH,2371,60,200
301002,120504,1009,EACH,1009,60,200
301004,120505,1804,EACH,1804,60,200
301003,120505,2372,EACH,2372,60,200
301002,120505,1009,EACH,1009,60,200
301004,120506,637,EACH,637,60,200
301003,120506,837,EACH,837,60,200
301002,120506,357,EACH,357,60,200
301004,120507,531,EACH,531,60,200
301003,120507,698,EACH,698,60,200
301002,120507,297,EACH,297,60,200
301004,130101,510,3PACK,1530,7,300
301003,130101,637,3PACK,1911,7,300
301002,130101,299,3PACK,897,7,300
301004,130102,611,3PACK,1833,7,300
301003,130102,765,3PACK,2295,7,300
301002,130102,359,3PACK,1077,7,300
301004,130103,611,3PACK,1833,7,300
301003,130103,764,3PACK,2292,7,300
301002,130103,359,3PACK,1077,7,300
301004,130104,1630,3PACK,4890,7,300
301003,130104,2038,3PACK,6114,7,300
301002,130104,955,3PACK,2865,7,300
301004,130105,1729,3PACK,5187,7,300
301003,130105,2168,3PACK,6504,7,300
301002,130105,1017,3PACK,3051,7,300
301004,130106,611,3PACK,1833,7,300
301003,130106,765,3PACK,2295,7,300
301002,130106,359,3PACK,1077,7,300
301004,130107,611,3PACK,1833,7,300
301003,130107,765,3PACK,2295,7,300
301002,130107,359,3PACK,1077,7,300
301004,130201,610,3PACK,1830,7,300
301003,130201,765,3PACK,2295,7,300
301002,130201,359,3PACK,1077,7,300
301004,130202,611,3PACK,1833,7,300
301003,130202,765,3PACK,2295,7,300
301002,130202,358,3PACK,1074,7,300
301004,130203,509,3PACK,1527,7,300
301003,130203,637,3PACK,1911,7,300
301002,130203,299,3PACK,897,7,300
301004,130204,1629,3PACK,4887,7,300
301003,130204,2037,3PACK,6111,7,300
301002,130204,955,3PACK,2865,7,300
301004,130205,2032,3PACK,6096,7,300
301003,130205,2545,3PACK,7635,7,300
301002,130205,1195,3PACK,3585,7,300
301004,130206,611,3PACK,1833,7,300
301003,130206,764,3PACK,2292,7,300
301002,130206,359,3PACK,1077,7,300
301004,130207,611,3PACK,1833,7,300
301003,130207,764,3PACK,2292,7,300
301002,130207,359,3PACK,1077,7,300
301004,130301,611,3PACK,1833,7,300
301003,130301,764,3PACK,2292,7,300
301002,130301,360,3PACK,1080,7,300
301004,130302,611,3PACK,1833,7,300
301003,130302,765,3PACK,2295,7,300
301002,130302,359,3PACK,1077,7,300
301004,130303,510,3PACK,1530,7,300
301003,130303,637,3PACK,1911,7,300
301002,130303,299,3PACK,897,7,300
301004,130304,1932,3PACK,5796,7,300
301003,130304,2420,3PACK,7260,7,300
301002,130304,1134,3PACK,3402,7,300
301004,130305,1830,3PACK,5490,7,300
301003,130305,2292,3PACK,6876,7,300
301002,130305,1076,3PACK,3228,7,300
301004,130306,611,3PACK,1833,7,300
301003,130306,764,3PACK,2292,7,300
301002,130306,358,3PACK,1074,7,300
301004,130307,509,3PACK,1527,7,300
301003,130307,637,3PACK,1911,7,300
301002,130307,299,3PACK,897,7,300
301004,130501,509,3PACK,1527,7,300
301003,130501,637,3PACK,1911,7,300
301002,130501,298,3PACK,894,7,300
301004,130502,509,3PACK,1527,7,300
301003,130502,637,3PACK,1911,7,300
301002,130502,299,3PACK,897,7,300
301004,130503,612,3PACK,1836,7,300
301003,130503,764,3PACK,2292,7,300
301002,130503,359,3PACK,1077,7,300
301004,130504,1628,3PACK,4884,7,300
301003,130504,2037,3PACK,6111,7,300
301002,130504,956,3PACK,2868,7,300
301004,130505,2035,3PACK,6105,7,300
301003,130505,2546,3PACK,7638,7,300
301002,130505,1194,3PACK,3582,7,300
301004,130506,611,3PACK,1833,7,300
301003,130506,764,3PACK,2292,7,300
301002,130506,359,3PACK,1077,7,300
301004,130507,611,3PACK,1833,7,300
301003,130507,765,3PACK,2295,7,300
301002,130507,359,3PACK,1077,7,300
301004,130401,274,3PACK,822,7,300
301003,130401,303,3PACK,909,7,300
301002,130401,133,3PACK,399,7,300
301004,130402,228,3PACK,684,7,300
301003,130402,252,3PACK,756,7,300
301002,130402,111,3PACK,333,7,300
301004,130403,228,3PACK,684,7,300
301003,130403,252,3PACK,756,7,300
301002,130403,112,3PACK,336,7,300
301004,130404,775,3PACK,2325,7,300
301003,130404,857,3PACK,2571,7,300
301002,130404,377,3PACK,1131,7,300
301004,130405,820,3PACK,2460,7,300
301003,130405,907,3PACK,2721,7,300
301002,130405,399,3PACK,1197,7,300
301004,130406,228,3PACK,684,7,300
301003,130406,253,3PACK,759,7,300
301002,130406,111,3PACK,333,7,300
301004,130407,274,3PACK,822,7,300
301003,130407,303,3PACK,909,7,300
301002,130407,134,3PACK,402,7,300
301004,140101,530,EACH,530,14,500
301003,140101,642,EACH,642,14,500
301002,140101,273,EACH,273,14,500
301004,140102,636,EACH,636,14,500
301003,140102,770,EACH,770,14,500
301002,140102,327,EACH,327,14,500
301004,140103,530,EACH,530,14,500
301003,140103,641,EACH,641,14,500
301002,140103,273,EACH,273,14,500
301004,140104,1695,EACH,1695,14,500
301003,140104,2052,EACH,2052,14,500
301002,140104,874,EACH,874,14,500
301004,140105,1696,EACH,1696,14,500
301003,140105,2050,EACH,2050,14,500
301002,140105,873,EACH,873,14,500
301004,140106,530,EACH,530,14,500
301003,140106,642,EACH,642,14,500
301002,140106,274,EACH,274,14,500
301004,140107,530,EACH,530,14,500
301003,140107,642,EACH,642,14,500
301002,140107,273,EACH,273,14,500
301004,140201,636,EACH,636,14,500
301003,140201,770,EACH,770,14,500
301002,140201,328,EACH,328,14,500
301004,140202,637,EACH,637,14,500
301003,140202,770,EACH,770,14,500
301002,140202,328,EACH,328,14,500
301004,140203,636,EACH,636,14,500
301003,140203,770,EACH,770,14,500
301002,140203,327,EACH,327,14,500
301004,140204,2011,EACH,2011,14,500
301003,140204,2439,EACH,2439,14,500
301002,140204,1038,EACH,1038,14,500
301004,140205,2012,EACH,2012,14,500
301003,140205,2437,EACH,2437,14,500
301002,140205,1038,EACH,1038,14,500
301004,140206,636,EACH,636,14,500
301003,140206,771,EACH,771,14,500
301002,140206,328,EACH,328,14,500
301004,140207,636,EACH,636,14,500
301003,140207,770,EACH,770,14,500
301002,140207,328,EACH,328,14,500
301004,140301,530,EACH,530,14,500
301003,140301,642,EACH,642,14,500
301002,140301,273,EACH,273,14,500
301004,140302,637,EACH,637,14,500
301003,140302,770,EACH,770,14,500
301002,140302,327,EACH,327,14,500
301004,140303,636,EACH,636,14,500
301003,140303,771,EACH,771,14,500
301002,140303,328,EACH,328,14,500
301004,140304,2118,EACH,2118,14,500
301003,140304,2565,EACH,2565,14,500
301002,140304,1093,EACH,1093,14,500
301004,140305,1695,EACH,1695,14,500
301003,140305,2054,EACH,2054,14,500
301002,140305,873,EACH,873,14,500
301004,140306,530,EACH,530,14,500
301003,140306,642,EACH,642,14,500
301002,140306,273,EACH,273,14,500
301004,140307,530,EACH,530,14,500
301003,140307,642,EACH,642,14,500
301002,140307,273,EACH,273,14,500
301004,140401,636,EACH,636,14,500
301003,140401,771,EACH,771,14,500
301002,140401,327,EACH,327,14,500
301004,140402,531,EACH,531,14,500
301003,140402,642,EACH,642,14,500
301002,140402,273,EACH,273,14,500
301004,140403,636,EACH,636,14,500
301003,140403,770,EACH,770,14,500
301002,140403,328,EACH,328,14,500
301004,140404,1695,EACH,1695,14,500
301003,140404,2053,EACH,2053,14,500
301002,140404,874,EACH,874,14,500
301004,140405,1694,EACH,1694,14,500
301003,140405,2051,EACH,2051,14,500
301002,140405,873,EACH,873,14,500
301004,140406,636,EACH,636,14,500
301003,140406,770,EACH,770,14,500
301002,140406,328,EACH,328,14,500
301004,140407,636,EACH,636,14,500
301003,140407,770,EACH,770,14,500
301002,140407,329,EACH,329,14,500
301004,140501,530,EACH,530,14,500
301003,140501,642,EACH,642,14,500
301002,140501,273,EACH,273,14,500
301004,140502,531,EACH,531,14,500
301003,140502,642,EACH,642,14,500
301002,140502,273,EACH,273,14,500
301004,140503,636,EACH,636,14,500
301003,140503,770,EACH,770,14,500
301002,140503,328,EACH,328,14,500
301004,140504,2120,EACH,2120,14,500
301003,140504,2563,EACH,2563,14,500
301002,140504,1092,EACH,1092,14,500
301004,140505,1695,EACH,1695,14,500
301003,140505,2054,EACH,2054,14,500
301002,140505,873,EACH,873,14,500
301004,140506,531,EACH,531,14,500
301003,140506,642,EACH,642,14,500
301002,140506,273,EACH,273,14,500
301004,140507,635,EACH,635,14,500
301003,140507,770,EACH,770,14,500
301002,140507,328,EACH,328,14,500
301004,150101,608,EACH,608,60,200
301003,150101,768,EACH,768,60,200
301002,150101,332,EACH,332,60,200
301004,150102,507,EACH,507,60,200
301003,150102,641,EACH,641,60,200
301002,150102,277,EACH,277,60,200
301004,150103,507,EACH,507,60,200
301003,150103,640,EACH,640,60,200
301002,150103,277,EACH,277,60,200
301004,150104,1724,EACH,1724,60,200
301003,150104,2177,EACH,2177,60,200
301002,150104,941,EACH,941,60,200
301004,150105,1923,EACH,1923,60,200
301003,150105,2431,EACH,2431,60,200
301002,150105,1052,EACH,1052,60,200
301004,150106,609,EACH,609,60,200
301003,150106,768,EACH,768,60,200
301002,150106,333,EACH,333,60,200
301004,150107,608,EACH,608,60,200
301003,150107,768,EACH,768,60,200
301002,150107,333,EACH,333,60,200
301004,150201,279,EACH,279,60,200
301003,150201,372,EACH,372,60,200
301002,150201,140,EACH,140,60,200
301004,150202,280,EACH,280,60,200
301003,150202,372,EACH,372,60,200
301002,150202,139,EACH,139,60,200
301004,150203,280,EACH,280,60,200
301003,150203,373,EACH,373,60,200
301002,150203,140,EACH,140,60,200
301004,150204,931,EACH,931,60,200
301003,150204,1241,EACH,1241,60,200
301002,150204,464,EACH,464,60,200
301004,150205,745,EACH,745,60,200
301003,150205,992,EACH,992,60,200
301002,150205,372,EACH,372,60,200
301004,150206,279,EACH,279,60,200
301003,150206,372,EACH,372,60,200
301002,150206,140,EACH,140,60,200
301004,150207,233,EACH,233,60,200
301003,150207,310,EACH,310,60,200
301002,150207,116,EACH,116,60,200
301004,150301,506,EACH,506,60,200
301003,150301,640,EACH,640,60,200
301002,150301,277,EACH,277,60,200
301004,150302,608,EACH,608,60,200
301003,150302,769,EACH,769,60,200
301002,150302,332,EACH,332,60,200
301004,150303,609,EACH,609,60,200
301003,150303,768,EACH,768,60,200
301002,150303,333,EACH,333,60,200
301004,150304,1723,EACH,1723,60,200
301003,150304,2175,EACH,2175,60,200
301002,150304,940,EACH,940,60,200
301004,150305,1924,EACH,1924,60,200
301003,150305,2431,EACH,2431,60,200
301002,150305,1052,EACH,1052,60,200
301004,150306,507,EACH,507,60,200
301003,150306,640,EACH,640,60,200
301002,150306,277,EACH,277,60,200
301004,150307,608,EACH,608,60,200
301003,150307,769,EACH,769,60,200
301002,150307,332,EACH,332,60,200
301004,150401,609,EACH,609,60,200
301003,150401,767,EACH,767,60,200
301002,150401,333,EACH,333,60,200
301004,150402,609,EACH,609,60,200
301003,150402,768,EACH,768,60,200
301002,150402,333,EACH,333,60,200
301004,150403,507,EACH,507,60,200
301003,150403,640,EACH,640,60,200
301002,150403,277,EACH,277,60,200
301004,150404,1924,EACH,1924,60,200
301003,150404,2428,EACH,2428,60,200
301002,150404,1052,EACH,1052,60,200
301004,150405,1925,EACH,1925,60,200
301003,150405,2430,EACH,2430,60,200
301002,150405,1051,EACH,1051,60,200
301004,150406,507,EACH,507,60,200
301003,150406,640,EACH,640,60,200
301002,150406,277,EACH,277,60,200
301004,150407,608,EACH,608,60,200
301003,150407,768,EACH,768,60,200
301002,150407,333,EACH,333,60,200
301004,150501,609,EACH,609,60,200
301003,150501,768,EACH,768,60,200
301002,150501,332,EACH,332,60,200
301004,150502,608,EACH,608,60,200
301003,150502,768,EACH,768,60,200
301002,150502,333,EACH,333,60,200
301004,150503,508,EACH,508,60,200
301003,150503,639,EACH,639,60,200
301002,150503,277,EACH,277,60,200
301004,150504,1622,EACH,1622,60,200
301003,150504,2048,EACH,2048,60,200
301002,150504,885,EACH,885,60,200
301004,150505,1519,EACH,1519,60,200
301003,150505,1920,EACH,1920,60,200
301002,150505,831,EACH,831,60,200
301004,150506,507,EACH,507,60,200
301003,150506,639,EACH,639,60,200
301002,150506,277,EACH,277,60,200
301004,150507,507,EACH,507,60,200
301003,150507,640,EACH,640,60,200
301002,150507,277,EACH,277,60,200
301004,160101,534,2PACK,1068,14,500
301003,160101,745,2PACK,1490,14,500
301002,160101,345,2PACK,690,14,500
301004,160102,445,2PACK,890,14,500
301003,160102,621,2PACK,1242,14,500
301002,160102,288,2PACK,576,14,500
301004,160103,445,2PACK,890,14,500
301003,160103,620,2PACK,1240,14,500
301002,160103,287,2PACK,574,14,500
301004,160104,1423,2PACK,2846,14,500
301003,160104,1984,2PACK,3968,14,500
301002,160104,920,2PACK,1840,14,500
301004,160105,1510,2PACK,3020,14,500
301003,160105,2107,2PACK,4214,14,500
301002,160105,977,2PACK,1954,14,500
301004,160106,445,2PACK,890,14,500
301003,160106,621,2PACK,1242,14,500
301002,160106,288,2PACK,576,14,500
301004,160107,533,2PACK,1066,14,500
301003,160107,744,2PACK,1488,14,500
301002,160107,345,2PACK,690,14,500
301004,160201,533,2PACK,1066,14,500
301003,160201,744,2PACK,1488,14,500
301002,160201,345,2PACK,690,14,500
301004,160202,444,2PACK,888,14,500
301003,160202,620,2PACK,1240,14,500
301002,160202,287,2PACK,574,14,500
301004,160203,534,2PACK,1068,14,500
301003,160203,744,2PACK,1488,14,500
301002,160203,345,2PACK,690,14,500
301004,160204,1423,2PACK,2846,14,500
301003,160204,1984,2PACK,3968,14,500
301002,160204,919,2PACK,1838,14,500
301004,160205,1690,2PACK,3380,14,500
301003,160205,2355,2PACK,4710,14,500
301002,160205,1090,2PACK,2180,14,500
301004,160206,445,2PACK,890,14,500
301003,160206,620,2PACK,1240,14,500
301002,160206,288,2PACK,576,14,500
301004,160207,534,2PACK,1068,14,500
301003,160207,745,2PACK,1490,14,500
301002,160207,345,2PACK,690,14,500
301004,160301,444,2PACK,888,14,500
301003,160301,620,2PACK,1240,14,500
301002,160301,288,2PACK,576,14,500
301004,160302,533,2PACK,1066,14,500
301003,160302,744,2PACK,1488,14,500
301002,160302,345,2PACK,690,14,500
301004,160303,445,2PACK,890,14,500
301003,160303,620,2PACK,1240,14,500
301002,160303,287,2PACK,574,14,500
301004,160304,1421,2PACK,2842,14,500
301003,160304,1981,2PACK,3962,14,500
301002,160304,920,2PACK,1840,14,500
301004,160305,1422,2PACK,2844,14,500
301003,160305,1984,2PACK,3968,14,500
301002,160305,919,2PACK,1838,14,500
301004,160306,533,2PACK,1066,14,500
301003,160306,744,2PACK,1488,14,500
301002,160306,345,2PACK,690,14,500
301004,160307,445,2PACK,890,14,500
301003,160307,619,2PACK,1238,14,500
301002,160307,288,2PACK,576,14,500
301004,160401,445,2PACK,890,14,500
301003,160401,620,2PACK,1240,14,500
301002,160401,288,2PACK,576,14,500
301004,160402,445,2PACK,890,14,500
301003,160402,620,2PACK,1240,14,500
301002,160402,288,2PACK,576,14,500
301004,160403,445,2PACK,890,14,500
301003,160403,620,2PACK,1240,14,500
301002,160403,288,2PACK,576,14,500
301004,160404,1687,2PACK,3374,14,500
301003,160404,2355,2PACK,4710,14,500
301002,160404,1092,2PACK,2184,14,500
301004,160405,1688,2PACK,3376,14,500
301003,160405,2356,2PACK,4712,14,500
301002,160405,1091,2PACK,2182,14,500
301004,160406,534,2PACK,1068,14,500
301003,160406,744,2PACK,1488,14,500
301002,160406,346,2PACK,692,14,500
301004,160407,534,2PACK,1068,14,500
301003,160407,744,2PACK,1488,14,500
301002,160407,345,2PACK,690,14,500
301004,160501,533,2PACK,1066,14,500
301003,160501,743,2PACK,1486,14,500
301002,160501,346,2PACK,692,14,500
301004,160502,533,2PACK,1066,14,500
301003,160502,744,2PACK,1488,14,500
301002,160502,345,2PACK,690,14,500
301004,160503,445,2PACK,890,14,500
301003,160503,620,2PACK,1240,14,500
301002,160503,288,2PACK,576,14,500
301004,160504,1334,2PACK,2668,14,500
301003,160504,1859,2PACK,3718,14,500
301002,160504,862,2PACK,1724,14,500
301004,160505,1599,2PACK,3198,14,500
301003,160505,2231,2PACK,4462,14,500
301002,160505,1035,2PACK,2070,14,500
301004,160506,533,2PACK,1066,14,500
301003,160506,744,2PACK,1488,14,500
301002,160506,345,2PACK,690,14,500
301004,160507,445,2PACK,890,14,500
301003,160507,620,2PACK,1240,14,500
301002,160507,288,2PACK,576,14,500
301004,170101,582,EACH,582,20,400
301003,170101,795,EACH,795,20,400
301002,170101,397,EACH,397,20,400
301004,170102,486,EACH,486,20,400
301003,170102,663,EACH,663,20,400
301002,170102,331,EACH,331,20,400
301004,170103,582,EACH,582,20,400
301003,170103,794,EACH,794,20,400
301002,170103,397,EACH,397,20,400
301004,170104,1745,EACH,1745,20,400
301003,170104,2382,EACH,2382,20,400
301002,170104,1188,EACH,1188,20,400
301004,170105,1747,EACH,1747,20,400
301003,170105,2383,EACH,2383,20,400
301002,170105,1190,EACH,1190,20,400
301004,170106,485,EACH,485,20,400
301003,170106,662,EACH,662,20,400
301002,170106,331,EACH,331,20,400
301004,170107,584,EACH,584,20,400
301003,170107,794,EACH,794,20,400
301002,170107,397,EACH,397,20,400
301004,170201,583,EACH,583,20,400
301003,170201,795,EACH,795,20,400
301002,170201,396,EACH,396,20,400
301004,170202,485,EACH,485,20,400
301003,170202,661,EACH,661,20,400
301002,170202,330,EACH,330,20,400
301004,170203,485,EACH,485,20,400
301003,170203,662,EACH,662,20,400
301002,170203,331,EACH,331,20,400
301004,170204,1650,EACH,1650,20,400
301003,170204,2249,EACH,2249,20,400
301002,170204,1123,EACH,1123,20,400
301004,170205,1746,EACH,1746,20,400
301003,170205,2387,EACH,2387,20,400
301002,170205,1188,EACH,1188,20,400
301004,170206,486,EACH,486,20,400
301003,170206,663,EACH,663,20,400
301002,170206,330,EACH,330,20,400
301004,170207,486,EACH,486,20,400
301003,170207,663,EACH,663,20,400
301002,170207,331,EACH,331,20,400
301004,170301,583,EACH,583,20,400
301003,170301,795,EACH,795,20,400
301002,170301,396,EACH,396,20,400
301004,170302,583,EACH,583,20,400
301003,170302,796,EACH,796,20,400
301002,170302,396,EACH,396,20,400
301004,170303,582,EACH,582,20,400
301003,170303,795,EACH,795,20,400
301002,170303,396,EACH,396,20,400
301004,170304,1846,EACH,1846,20,400
301003,170304,2518,EACH,2518,20,400
301002,170304,1255,EACH,1255,20,400
301004,170305,1456,EACH,1456,20,400
301003,170305,1986,EACH,1986,20,400
301002,170305,990,EACH,990,20,400
301004,170306,486,EACH,486,20,400
301003,170306,662,EACH,662,20,400
301002,170306,331,EACH,331,20,400
301004,170307,485,EACH,485,20,400
301003,170307,662,EACH,662,20,400
301002,170307,330,EACH,330,20,400
301004,170401,583,EACH,583,20,400
301003,170401,794,EACH,794,20,400
301002,170401,396,EACH,396,20,400
301004,170402,486,EACH,486,20,400
301003,170402,662,EACH,662,20,400
301002,170402,330,EACH,330,20,400
301004,170403,583,EACH,583,20,400
301003,170403,795,EACH,795,20,400
301002,170403,396,EACH,396,20,400
301004,170404,1845,EACH,1845,20,400
301003,170404,2514,EACH,2514,20,400
301002,170404,1255,EACH,1255,20,400
301004,170405,1746,EACH,1746,20,400
301003,170405,2382,EACH,2382,20,400
301002,170405,1188,EACH,1188,20,400
301004,170406,583,EACH,583,20,400
301003,170406,795,EACH,795,20,400
301002,170406,397,EACH,397,20,400
301004,170407,583,EACH,583,20,400
301003,170407,795,EACH,795,20,400
301002,170407,397,EACH,397,20,400
301004,170501,86,EACH,86,20,400
301003,170501,161,EACH,161,20,400
301002,170501,78,EACH,78,20,400
301004,170502,85,EACH,85,20,400
301003,170502,161,EACH,161,20,400
301002,170502,79,EACH,79,20,400
301004,170503,85,EACH,85,20,400
301003,170503,161,EACH,161,20,400
301002,170503,79,EACH,79,20,400
301004,170504,255,EACH,255,20,400
301003,170504,483,EACH,483,20,400
301002,170504,235,EACH,235,20,400
301004,170505,284,EACH,284,20,400
301003,170505,535,EACH,535,20,400
301002,170505,262,EACH,262,20,400
301004,170506,86,EACH,86,20,400
301003,170506,161,EACH,161,20,400
301002,170506,79,EACH,79,20,400
301004,170507,71,EACH,71,20,400
301003,170507,134,EACH,134,20,400
301002,170507,66,EACH,66,20,400
301004,180101,541,EACH,541,14,500
301003,180101,765,EACH,765,14,500
301002,180101,338,EACH,338,14,500
301004,180102,450,EACH,450,14,500
301003,180102,639,EACH,639,14,500
301002,180102,282,EACH,282,14,500
301004,180103,450,EACH,450,14,500
301003,180103,639,EACH,639,14,500
301002,180103,282,EACH,282,14,500
301004,180104,1530,EACH,1530,14,500
301003,180104,2170,EACH,2170,14,500
301002,180104,958,EACH,958,14,500
301004,180105,1621,EACH,1621,14,500
301003,180105,2298,EACH,2298,14,500
301002,180105,1014,EACH,1014,14,500
301004,180106,541,EACH,541,14,500
301003,180106,766,EACH,766,14,500
301002,180106,338,EACH,338,14,500
301004,180107,451,EACH,451,14,500
301003,180107,638,EACH,638,14,500
301002,180107,282,EACH,282,14,500
301004,180201,451,EACH,451,14,500
301003,180201,638,EACH,638,14,500
301002,180201,281,EACH,281,14,500
301004,180202,451,EACH,451,14,500
301003,180202,639,EACH,639,14,500
301002,180202,282,EACH,282,14,500
301004,180203,541,EACH,541,14,500
301003,180203,766,EACH,766,14,500
301002,180203,338,EACH,338,14,500
301004,180204,1620,EACH,1620,14,500
301003,180204,2294,EACH,2294,14,500
301002,180204,1015,EACH,1015,14,500
301004,180205,1440,EACH,1440,14,500
301003,180205,2042,EACH,2042,14,500
301002,180205,901,EACH,901,14,500
301004,180206,450,EACH,450,14,500
301003,180206,638,EACH,638,14,500
301002,180206,282,EACH,282,14,500
301004,180207,451,EACH,451,14,500
301003,180207,639,EACH,639,14,500
301002,180207,282,EACH,282,14,500
301004,180301,540,EACH,540,14,500
301003,180301,766,EACH,766,14,500
301002,180301,338,EACH,338,14,500
301004,180302,450,EACH,450,14,500
301003,180302,638,EACH,638,14,500
301002,180302,281,EACH,281,14,500
301004,180303,541,EACH,541,14,500
301003,180303,766,EACH,766,14,500
301002,180303,338,EACH,338,14,500
301004,180304,1350,EACH,1350,14,500
301003,180304,1914,EACH,1914,14,500
301002,180304,845,EACH,845,14,500
301004,180305,1529,EACH,1529,14,500
301003,180305,2168,EACH,2168,14,500
301002,180305,957,EACH,957,14,500
301004,180306,451,EACH,451,14,500
301003,180306,638,EACH,638,14,500
301002,180306,282,EACH,282,14,500
301004,180307,450,EACH,450,14,500
301003,180307,638,EACH,638,14,500
301002,180307,282,EACH,282,14,500
301004,180401,450,EACH,450,14,500
301003,180401,638,EACH,638,14,500
301002,180401,282,EACH,282,14,500
301004,180402,450,EACH,450,14,500
301003,180402,638,EACH,638,14,500
301002,180402,282,EACH,282,14,500
301004,180403,451,EACH,451,14,500
301003,180403,639,EACH,639,14,500
301002,180403,281,EACH,281,14,500
301004,180404,1441,EACH,1441,14,500
301003,180404,2045,EACH,2045,14,500
301002,180404,902,EACH,902,14,500
301004,180405,1800,EACH,1800,14,500
301003,180405,2549,EACH,2549,14,500
301002,180405,1126,EACH,1126,14,500
301004,180406,451,EACH,451,14,500
301003,180406,638,EACH,638,14,500
301002,180406,281,EACH,281,14,500
301004,180407,540,EACH,540,14,500
301003,180407,766,EACH,766,14,500
301002,180407,338,EACH,338,14,500
301004,180501,541,EACH,541,14,500
301003,180501,765,EACH,765,14,500
301002,180501,338,EACH,338,14,500
301004,180502,450,EACH,450,14,500
301003,180502,639,EACH,639,14,500
301002,180502,282,EACH,282,14,500
301004,180503,541,EACH,541,14,500
301003,180503,766,EACH,766,14,500
301002,180503,338,EACH,338,14,500
301004,180504,1800,EACH,1800,14,500
301003,180504,2549,EACH,2549,14,500
301002,180504,1127,EACH,1127,14,500
301004,180505,1442,EACH,1442,14,500
301003,180505,2041,EACH,2041,14,500
301002,180505,902,EACH,902,14,500
301004,180506,450,EACH,450,14,500
301003,180506,638,EACH,638,14,500
301002,180506,281,EACH,281,14,500
301004,180507,450,EACH,450,14,500
301003,180507,638,EACH,638,14,500
301002,180507,282,EACH,282,14,500
301004,190101,473,3PACK,1419,7,300
301003,190101,658,3PACK,1974,7,300
301002,190101,309,3PACK,927,7,300
301004,190102,474,3PACK,1422,7,300
301003,190102,658,3PACK,1974,7,300
301002,190102,310,3PACK,930,7,300
301004,190103,568,3PACK,1704,7,300
301003,190103,790,3PACK,2370,7,300
301002,190103,371,3PACK,1113,7,300
301004,190104,1798,3PACK,5394,7,300
301003,190104,2501,3PACK,7503,7,300
301002,190104,1175,3PACK,3525,7,300
301004,190105,1609,3PACK,4827,7,300
301003,190105,2237,3PACK,6711,7,300
301002,190105,1051,3PACK,3153,7,300
301004,190106,568,3PACK,1704,7,300
301003,190106,789,3PACK,2367,7,300
301002,190106,371,3PACK,1113,7,300
301004,190107,474,3PACK,1422,7,300
301003,190107,658,3PACK,1974,7,300
301002,190107,309,3PACK,927,7,300
301004,190201,473,3PACK,1419,7,300
301003,190201,658,3PACK,1974,7,300
301002,190201,310,3PACK,930,7,300
301004,190202,473,3PACK,1419,7,300
301003,190202,658,3PACK,1974,7,300
301002,190202,309,3PACK,927,7,300
301004,190203,473,3PACK,1419,7,300
301003,190203,658,3PACK,1974,7,300
301002,190203,309,3PACK,927,7,300
301004,190204,1797,3PACK,5391,7,300
301003,190204,2504,3PACK,7512,7,300
301002,190204,1175,3PACK,3525,7,300
301004,190205,1704,3PACK,5112,7,300
301003,190205,2368,3PACK,7104,7,300
301002,190205,1112,3PACK,3336,7,300
301004,190206,473,3PACK,1419,7,300
301003,190206,658,3PACK,1974,7,300
301002,190206,310,3PACK,930,7,300
301004,190207,473,3PACK,1419,7,300
301003,190207,658,3PACK,1974,7,300
301002,190207,310,3PACK,930,7,300
301004,190301,568,3PACK,1704,7,300
301003,190301,790,3PACK,2370,7,300
301002,190301,372,3PACK,1116,7,300
301004,190302,568,3PACK,1704,7,300
301003,190302,790,3PACK,2370,7,300
301002,190302,371,3PACK,1113,7,300
301004,190303,473,3PACK,1419,7,300
301003,190303,658,3PACK,1974,7,300
301002,190303,310,3PACK,930,7,300
301004,190304,1703,3PACK,5109,7,300
301003,190304,2369,3PACK,7107,7,300
301002,190304,1112,3PACK,3336,7,300
301004,190305,1607,3PACK,4821,7,300
301003,190305,2234,3PACK,6702,7,300
301002,190305,1052,3PACK,3156,7,300
301004,190306,569,3PACK,1707,7,300
301003,190306,790,3PACK,2370,7,300
301002,190306,371,3PACK,1113,7,300
301004,190307,473,3PACK,1419,7,300
301003,190307,658,3PACK,1974,7,300
301002,190307,310,3PACK,930,7,300
301004,190401,332,3PACK,996,7,300
301003,190401,448,3PACK,1344,7,300
301002,190401,202,3PACK,606,7,300
301004,190402,332,3PACK,996,7,300
301003,190402,448,3PACK,1344,7,300
301002,190402,203,3PACK,609,7,300
301004,190403,277,3PACK,831,7,300
301003,190403,373,3PACK,1119,7,300
301002,190403,169,3PACK,507,7,300
301004,190404,881,3PACK,2643,7,300
301003,190404,1193,3PACK,3579,7,300
301002,190404,540,3PACK,1620,7,300
301004,190405,826,3PACK,2478,7,300
301003,190405,1119,3PACK,3357,7,300
301002,190405,506,3PACK,1518,7,300
301004,190406,332,3PACK,996,7,300
301003,190406,448,3PACK,1344,7,300
301002,190406,203,3PACK,609,7,300
301004,190407,276,3PACK,828,7,300
301003,190407,373,3PACK,1119,7,300
301002,190407,169,3PACK,507,7,300
301004,190501,567,3PACK,1701,7,300
301003,190501,788,3PACK,2364,7,300
301002,190501,372,3PACK,1116,7,300
301004,190502,568,3PACK,1704,7,300
301003,190502,790,3PACK,2370,7,300
301002,190502,371,3PACK,1113,7,300
301004,190503,567,3PACK,1701,7,300
301003,190503,789,3PACK,2367,7,300
301002,190503,371,3PACK,1113,7,300
301004,190504,1799,3PACK,5397,7,300
301003,190504,2500,3PACK,7500,7,300
301002,190504,1175,3PACK,3525,7,300
301004,190505,1609,3PACK,4827,7,300
301003,190505,2238,3PACK,6714,7,300
301002,190505,1050,3PACK,3150,7,300
301004,190506,473,3PACK,1419,7,300
301003,190506,658,3PACK,1974,7,300
301002,190506,309,3PACK,927,7,300
301004,190507,568,3PACK,1704,7,300
301003,190507,789,3PACK,2367,7,300
301002,190507,371,3PACK,1113,7,300
301004,200101,469,EACH,469,60,200
301003,200101,568,EACH,568,60,200
301002,200101,281,EACH,281,60,200
301004,200102,469,EACH,469,60,200
301003,200102,568,EACH,568,60,200
301002,200102,281,EACH,281,60,200
301004,200103,564,EACH,564,60,200
301003,200103,682,EACH,682,60,200
301002,200103,337,EACH,337,60,200
301004,200104,1688,EACH,1688,60,200
301003,200104,2047,EACH,2047,60,200
301002,200104,1008,EACH,1008,60,200
301004,200105,1406,EACH,1406,60,200
301003,200105,1704,EACH,1704,60,200
301002,200105,842,EACH,842,60,200
301004,200106,469,EACH,469,60,200
301003,200106,569,EACH,569,60,200
301002,200106,280,EACH,280,60,200
301004,200107,469,EACH,469,60,200
301003,200107,568,EACH,568,60,200
301002,200107,280,EACH,280,60,200
301004,200201,245,EACH,245,60,200
301003,200201,300,EACH,300,60,200
301002,200201,139,EACH,139,60,200
301004,200202,245,EACH,245,60,200
301003,200202,300,EACH,300,60,200
301002,200202,140,EACH,140,60,200
301004,200203,293,EACH,293,60,200
301003,200203,360,EACH,360,60,200
301002,200203,168,EACH,168,60,200
301004,200204,880,EACH,880,60,200
301003,200204,1078,EACH,1078,60,200
301002,200204,500,EACH,500,60,200
301004,200205,830,EACH,830,60,200
301003,200205,1018,EACH,1018,60,200
301002,200205,472,EACH,472,60,200
301004,200206,293,EACH,293,60,200
301003,200206,360,EACH,360,60,200
301002,200206,168,EACH,168,60,200
301004,200207,245,EACH,245,60,200
301003,200207,300,EACH,300,60,200
301002,200207,140,EACH,140,60,200
301004,200301,563,EACH,563,60,200
301003,200301,682,EACH,682,60,200
301002,200301,337,EACH,337,60,200
301004,200302,469,EACH,469,60,200
301003,200302,569,EACH,569,60,200
301002,200302,281,EACH,281,60,200
301004,200303,469,EACH,469,60,200
301003,200303,568,EACH,568,60,200
301002,200303,281,EACH,281,60,200
301004,200304,1783,EACH,1783,60,200
301003,200304,2159,EACH,2159,60,200
301002,200304,1064,EACH,1064,60,200
301004,200305,1595,EACH,1595,60,200
301003,200305,1933,EACH,1933,60,200
301002,200305,955,EACH,955,60,200
301004,200306,469,EACH,469,60,200
301003,200306,569,EACH,569,60,200
301002,200306,281,EACH,281,60,200
301004,200307,469,EACH,469,60,200
301003,200307,568,EACH,568,60,200
301002,200307,281,EACH,281,60,200
301004,200401,469,EACH,469,60,200
301003,200401,568,EACH,568,60,200
301002,200401,281,EACH,281,60,200
301004,200402,469,EACH,469,60,200
301003,200402,568,EACH,568,60,200
301002,200402,280,EACH,280,60,200
301004,200403,469,EACH,469,60,200
301003,200403,568,EACH,568,60,200
301002,200403,281,EACH,281,60,200
301004,200404,1501,EACH,1501,60,200
301003,200404,1816,EACH,1816,60,200
301002,200404,897,EACH,897,60,200
301004,200405,1594,EACH,1594,60,200
301003,200405,1930,EACH,1930,60,200
301002,200405,954,EACH,954,60,200
301004,200406,563,EACH,563,60,200
301003,200406,682,EACH,682,60,200
301002,200406,337,EACH,337,60,200
301004,200407,563,EACH,563,60,200
301003,200407,682,EACH,682,60,200
301002,200407,337,EACH,337,60,200
301004,200501,469,EACH,469,60,200
301003,200501,568,EACH,568,60,200
301002,200501,281,EACH,281,60,200
301004,200502,563,EACH,563,60,200
301003,200502,682,EACH,682,60,200
301002,200502,336,EACH,336,60,200
301004,200503,469,EACH,469,60,200
301003,200503,569,EACH,569,60,200
301002,200503,280,EACH,280,60,200
301004,200504,1594,EACH,1594,60,200
301003,200504,1931,EACH,1931,60,200
301002,200504,953,EACH,953,60,200
301004,200505,1783,EACH,1783,60,200
301003,200505,2160,EACH,2160,60,200
301002,200505,1065,EACH,1065,60,200
301004,200506,470,EACH,470,60,200
301003,200506,569,EACH,569,60,200
301002,200506,281,EACH,281,60,200
301004,200507,563,EACH,563,60,200
301003,200507,683,EACH,683,60,200
301002,200507,337,EACH,337,60,200
301004,210101,534,EACH,534,7,600
301003,210101,652,EACH,652,7,600
301002,210101,336,EACH,336,7,600
301004,210102,445,EACH,445,7,600
301003,210102,542,EACH,542,7,600
301002,210102,280,EACH,280,7,600
301004,210103,445,EACH,445,7,600
301003,210103,542,EACH,542,7,600
301002,210103,280,EACH,280,7,600
301004,210104,1690,EACH,1690,7,600
301003,210104,2061,EACH,2061,7,600
301002,210104,1062,EACH,1062,7,600
301004,210105,1423,EACH,1423,7,600
301003,210105,1735,EACH,1735,7,600
301002,210105,894,EACH,894,7,600
301004,210106,534,EACH,534,7,600
301003,210106,651,EACH,651,7,600
301002,210106,336,EACH,336,7,600
301004,210107,534,EACH,534,7,600
301003,210107,651,EACH,651,7,600
301002,210107,336,EACH,336,7,600
301004,210201,445,EACH,445,7,600
301003,210201,543,EACH,543,7,600
301002,210201,280,EACH,280,7,600
301004,210202,535,EACH,535,7,600
301003,210202,652,EACH,652,7,600
301002,210202,335,EACH,335,7,600
301004,210203,445,EACH,445,7,600
301003,210203,543,EACH,543,7,600
301002,210203,280,EACH,280,7,600
301004,210204,1424,EACH,1424,7,600
301003,210204,1735,EACH,1735,7,600
301002,210204,895,EACH,895,7,600
301004,210205,1511,EACH,1511,7,600
301003,210205,1844,EACH,1844,7,600
301002,210205,951,EACH,951,7,600
301004,210206,534,EACH,534,7,600
301003,210206,651,EACH,651,7,600
301002,210206,336,EACH,336,7,600
301004,210207,445,EACH,445,7,600
301003,210207,543,EACH,543,7,600
301002,210207,280,EACH,280,7,600
301004,210401,534,EACH,534,7,600
301003,210401,651,EACH,651,7,600
301002,210401,336,EACH,336,7,600
301004,210402,445,EACH,445,7,600
301003,210402,543,EACH,543,7,600
301002,210402,280,EACH,280,7,600
301004,210403,445,EACH,445,7,600
301003,210403,543,EACH,543,7,600
301002,210403,280,EACH,280,7,600
301004,210404,1778,EACH,1778,7,600
301003,210404,2169,EACH,2169,7,600
301002,210404,1118,EACH,1118,7,600
301004,210405,1335,EACH,1335,7,600
301003,210405,1627,EACH,1627,7,600
301002,210405,839,EACH,839,7,600
301004,210406,445,EACH,445,7,600
301003,210406,543,EACH,543,7,600
301002,210406,280,EACH,280,7,600
301004,210407,445,EACH,445,7,600
301003,210407,542,EACH,542,7,600
301002,210407,279,EACH,279,7,600
301004,210501,445,EACH,445,7,600
301003,210501,542,EACH,542,7,600
301002,210501,280,EACH,280,7,600
301004,210502,533,EACH,533,7,600
301003,210502,651,EACH,651,7,600
301002,210502,336,EACH,336,7,600
301004,210503,534,EACH,534,7,600
301003,210503,651,EACH,651,7,600
301002,210503,336,EACH,336,7,600
301004,210504,1511,EACH,1511,7,600
301003,210504,1846,EACH,1846,7,600
301002,210504,952,EACH,952,7,600
301004,210505,1424,EACH,1424,7,600
301003,210505,1737,EACH,1737,7,600
301002,210505,895,EACH,895,7,600
301004,210506,445,EACH,445,7,600
301003,210506,542,EACH,542,7,600
301002,210506,280,EACH,280,7,600
301004,210507,445,EACH,445,7,600
301003,210507,543,EACH,543,7,600
301002,210507,280,EACH,280,7,600
301004,210301,254,EACH,254,7,600
301003,210301,301,EACH,301,7,600
301002,210301,160,EACH,160,7,600
301004,210302,212,EACH,212,7,600
301003,210302,250,EACH,250,7,600
301002,210302,133,EACH,133,7,600
301004,210303,255,EACH,255,7,600
301003,210303,301,EACH,301,7,600
301002,210303,160,EACH,160,7,600
301004,210304,679,EACH,679,7,600
301003,210304,801,EACH,801,7,600
301002,210304,425,EACH,425,7,600
301004,210305,805,EACH,805,7,600
301003,210305,950,EACH,950,7,600
301002,210305,503,EACH,503,7,600
301004,210306,254,EACH,254,7,600
301003,210306,300,EACH,300,7,600
301002,210306,160,EACH,160,7,600
301004,210307,255,EACH,255,7,600
301003,210307,301,EACH,301,7,600
301002,210307,159,EACH,159,7,600
301004,220101,261,EACH,261,20,400
301003,220101,331,EACH,331,20,400
301002,220101,128,EACH,128,20,400
301004,220102,313,EACH,313,20,400
301003,220102,398,EACH,398,20,400
301002,220102,154,EACH,154,20,400
301004,220103,260,EACH,260,20,400
301003,220103,331,EACH,331,20,400
301002,220103,128,EACH,128,20,400
301004,220104,884,EACH,884,20,400
301003,220104,1126,EACH,1126,20,400
301002,220104,434,EACH,434,20,400
301004,220105,779,EACH,779,20,400
301003,220105,992,EACH,992,20,400
301002,220105,383,EACH,383,20,400
301004,220106,260,EACH,260,20,400
301003,220106,331,EACH,331,20,400
301002,220106,128,EACH,128,20,400
301004,220107,312,EACH,312,20,400
301003,220107,397,EACH,397,20,400
301002,220107,154,EACH,154,20,400
301004,220201,261,EACH,261,20,400
301003,220201,331,EACH,331,20,400
301002,220201,128,EACH,128,20,400
301004,220202,312,EACH,312,20,400
301003,220202,398,EACH,398,20,400
301002,220202,154,EACH,154,20,400
301004,220203,260,EACH,260,20,400
301003,220203,331,EACH,331,20,400
301002,220203,128,EACH,128,20,400
301004,220204,1041,EACH,1041,20,400
301003,220204,1325,EACH,1325,20,400
301002,220204,510,EACH,510,20,400
301004,220205,1040,EACH,1040,20,400
301003,220205,1324,EACH,1324,20,400
301002,220205,511,EACH,511,20,400
301004,220206,312,EACH,312,20,400
301003,220206,398,EACH,398,20,400
301002,220206,153,EACH,153,20,400
301004,220207,312,EACH,312,20,400
301003,220207,397,EACH,397,20,400
301002,220207,154,EACH,154,20,400
301004,220301,261,EACH,261,20,400
301003,220301,331,EACH,331,20,400
301002,220301,128,EACH,128,20,400
301004,220302,312,EACH,312,20,400
301003,220302,397,EACH,397,20,400
301002,220302,154,EACH,154,20,400
301004,220303,313,EACH,313,20,400
301003,220303,398,EACH,398,20,400
301002,220303,154,EACH,154,20,400
301004,220304,937,EACH,937,20,400
301003,220304,1192,EACH,1192,20,400
301002,220304,460,EACH,460,20,400
301004,220305,988,EACH,988,20,400
301003,220305,1257,EACH,1257,20,400
301002,220305,485,EACH,485,20,400
301004,220306,312,EACH,312,20,400
301003,220306,398,EACH,398,20,400
301002,220306,154,EACH,154,20,400
301004,220307,261,EACH,261,20,400
301003,220307,331,EACH,331,20,400
301002,220307,128,EACH,128,20,400
301004,220401,312,EACH,312,20,400
301003,220401,398,EACH,398,20,400
301002,220401,154,EACH,154,20,400
301004,220402,260,EACH,260,20,400
301003,220402,331,EACH,331,20,400
301002,220402,128,EACH,128,20,400
301004,220403,313,EACH,313,20,400
301003,220403,397,EACH,397,20,400
301002,220403,153,EACH,153,20,400
301004,220404,989,EACH,989,20,400
301003,220404,1257,EACH,1257,20,400
301002,220404,485,EACH,485,20,400
301004,220405,935,EACH,935,20,400
301003,220405,1191,EACH,1191,20,400
301002,220405,459,EACH,459,20,400
301004,220406,260,EACH,260,20,400
301003,220406,331,EACH,331,20,400
301002,220406,128,EACH,128,20,400
301004,220407,261,EACH,261,20,400
301003,220407,331,EACH,331,20,400
301002,220407,128,EACH,128,20,400
301004,220501,312,EACH,312,20,400
301003,220501,397,EACH,397,20,400
301002,220501,153,EACH,153,20,400
301004,220502,312,EACH,312,20,400
301003,220502,398,EACH,398,20,400
301002,220502,154,EACH,154,20,400
301004,220503,312,EACH,312,20,400
301003,220503,397,EACH,397,20,400
301002,220503,154,EACH,154,20,400
301004,220504,883,EACH,883,20,400
301003,220504,1124,EACH,1124,20,400
301002,220504,435,EACH,435,20,400
301004,220505,833,EACH,833,20,400
301003,220505,1061,EACH,1061,20,400
301002,220505,409,EACH,409,20,400
301004,220506,260,EACH,260,20,400
301003,220506,332,EACH,332,20,400
301002,220506,128,EACH,128,20,400
301004,220507,312,EACH,312,20,400
301003,220507,397,EACH,397,20,400
301002,220507,153,EACH,153,20,400
301004,230101,215,EACH,215,20,400
301003,230101,284,EACH,284,20,400
301002,230101,167,EACH,167,20,400
301004,230102,215,EACH,215,20,400
301003,230102,284,EACH,284,20,400
301002,230102,167,EACH,167,20,400
301004,230103,215,EACH,215,20,400
301003,230103,284,EACH,284,20,400
301002,230103,167,EACH,167,20,400
301004,230104,771,EACH,771,20,400
301003,230104,1024,EACH,1024,20,400
301002,230104,600,EACH,600,20,400
301004,230105,729,EACH,729,20,400
301003,230105,967,EACH,967,20,400
301002,230105,566,EACH,566,20,400
301004,230106,257,EACH,257,20,400
301003,230106,342,EACH,342,20,400
301002,230106,200,EACH,200,20,400
301004,230107,258,EACH,258,20,400
301003,230107,342,EACH,342,20,400
301002,230107,200,EACH,200,20,400
301004,230201,258,EACH,258,20,400
301003,230201,341,EACH,341,20,400
301002,230201,201,EACH,201,20,400
301004,230202,258,EACH,258,20,400
301003,230202,341,EACH,341,20,400
301002,230202,200,EACH,200,20,400
301004,230203,215,EACH,215,20,400
301003,230203,285,EACH,285,20,400
301002,230203,167,EACH,167,20,400
301004,230204,645,EACH,645,20,400
301003,230204,852,EACH,852,20,400
301002,230204,500,EACH,500,20,400
301004,230205,773,EACH,773,20,400
301003,230205,1021,EACH,1021,20,400
301002,230205,601,EACH,601,20,400
301004,230206,215,EACH,215,20,400
301003,230206,285,EACH,285,20,400
301002,230206,167,EACH,167,20,400
301004,230207,215,EACH,215,20,400
301003,230207,284,EACH,284,20,400
301002,230207,167,EACH,167,20,400
301004,230301,215,EACH,215,20,400
301003,230301,284,EACH,284,20,400
301002,230301,167,EACH,167,20,400
301004,230302,215,EACH,215,20,400
301003,230302,284,EACH,284,20,400
301002,230302,167,EACH,167,20,400
301004,230303,215,EACH,215,20,400
301003,230303,285,EACH,285,20,400
301002,230303,167,EACH,167,20,400
301004,230304,731,EACH,731,20,400
301003,230304,966,EACH,966,20,400
301002,230304,568,EACH,568,20,400
301004,230305,730,EACH,730,20,400
301003,230305,966,EACH,966,20,400
301002,230305,566,EACH,566,20,400
301004,230306,215,EACH,215,20,400
301003,230306,285,EACH,285,20,400
301002,230306,167,EACH,167,20,400
301004,230307,215,EACH,215,20,400
301003,230307,284,EACH,284,20,400
301002,230307,167,EACH,167,20,400
301004,230401,215,EACH,215,20,400
301003,230401,284,EACH,284,20,400
301002,230401,167,EACH,167,20,400
301004,230402,258,EACH,258,20,400
301003,230402,342,EACH,342,20,400
301002,230402,200,EACH,200,20,400
301004,230403,215,EACH,215,20,400
301003,230403,284,EACH,284,20,400
301002,230403,167,EACH,167,20,400
301004,230404,772,EACH,772,20,400
301003,230404,1022,EACH,1022,20,400
301002,230404,600,EACH,600,20,400
301004,230405,731,EACH,731,20,400
301003,230405,966,EACH,966,20,400
301002,230405,568,EACH,568,20,400
301004,230406,258,EACH,258,20,400
301003,230406,342,EACH,342,20,400
301002,230406,200,EACH,200,20,400
301004,230407,258,EACH,258,20,400
301003,230407,341,EACH,341,20,400
301002,230407,201,EACH,201,20,400
301004,230501,258,EACH,258,20,400
301003,230501,341,EACH,341,20,400
301002,230501,200,EACH,200,20,400
301004,230502,215,EACH,215,20,400
301003,230502,285,EACH,285,20,400
301002,230502,167,EACH,167,20,400
301004,230503,258,EACH,258,20,400
301003,230503,341,EACH,341,20,400
301002,230503,200,EACH,200,20,400
301004,230504,687,EACH,687,20,400
301003,230504,910,EACH,910,20,400
301002,230504,533,EACH,533,20,400
301004,230505,816,EACH,816,20,400
301003,230505,1078,EACH,1078,20,400
301002,230505,633,EACH,633,20,400
301004,230506,258,EACH,258,20,400
301003,230506,341,EACH,341,20,400
301002,230506,200,EACH,200,20,400
301004,230507,215,EACH,215,20,400
301003,230507,284,EACH,284,20,400
301002,230507,167,EACH,167,20,400
301004,240101,209,EACH,209,20,400
301003,240101,282,EACH,282,20,400
301002,240101,140,EACH,140,20,400
301004,240102,251,EACH,251,20,400
301003,240102,339,EACH,339,20,400
301002,240102,167,EACH,167,20,400
301004,240103,252,EACH,252,20,400
301003,240103,339,EACH,339,20,400
301002,240103,167,EACH,167,20,400
301004,240104,795,EACH,795,20,400
301003,240104,1070,EACH,1070,20,400
301002,240104,530,EACH,530,20,400
301004,240105,754,EACH,754,20,400
301003,240105,1014,EACH,1014,20,400
301002,240105,501,EACH,501,20,400
301004,240106,251,EACH,251,20,400
301003,240106,338,EACH,338,20,400
301002,240106,168,EACH,168,20,400
301004,240107,252,EACH,252,20,400
301003,240107,338,EACH,338,20,400
301002,240107,167,EACH,167,20,400
301004,240201,252,EACH,252,20,400
301003,240201,339,EACH,339,20,400
301002,240201,167,EACH,167,20,400
301004,240202,209,EACH,209,20,400
301003,240202,282,EACH,282,20,400
301002,240202,139,EACH,139,20,400
301004,240203,209,EACH,209,20,400
301003,240203,281,EACH,281,20,400
301002,240203,139,EACH,139,20,400
301004,240204,753,EACH,753,20,400
301003,240204,1013,EACH,1013,20,400
301002,240204,501,EACH,501,20,400
301004,240205,670,EACH,670,20,400
301003,240205,901,EACH,901,20,400
301002,240205,444,EACH,444,20,400
301004,240206,210,EACH,210,20,400
301003,240206,282,EACH,282,20,400
301002,240206,139,EACH,139,20,400
301004,240207,251,EACH,251,20,400
301003,240207,338,EACH,338,20,400
301002,240207,168,EACH,168,20,400
301004,240301,251,EACH,251,20,400
301003,240301,338,EACH,338,20,400
301002,240301,167,EACH,167,20,400
301004,240302,251,EACH,251,20,400
301003,240302,338,EACH,338,20,400
301002,240302,168,EACH,168,20,400
301004,240303,210,EACH,210,20,400
301003,240303,282,EACH,282,20,400
301002,240303,140,EACH,140,20,400
301004,240304,795,EACH,795,20,400
301003,240304,1069,EACH,1069,20,400
301002,240304,529,EACH,529,20,400
301004,240305,669,EACH,669,20,400
301003,240305,901,EACH,901,20,400
301002,240305,445,EACH,445,20,400
301004,240306,210,EACH,210,20,400
301003,240306,282,EACH,282,20,400
301002,240306,139,EACH,139,20,400
301004,240307,210,EACH,210,20,400
301003,240307,282,EACH,282,20,400
301002,240307,139,EACH,139,20,400
301004,240401,251,EACH,251,20,400
301003,240401,338,EACH,338,20,400
301002,240401,167,EACH,167,20,400
301004,240402,210,EACH,210,20,400
301003,240402,282,EACH,282,20,400
301002,240402,139,EACH,139,20,400
301004,240403,209,EACH,209,20,400
301003,240403,282,EACH,282,20,400
301002,240403,140,EACH,140,20,400
301004,240404,710,EACH,710,20,400
301003,240404,958,EACH,958,20,400
301002,240404,474,EACH,474,20,400
301004,240405,753,EACH,753,20,400
301003,240405,1012,EACH,1012,20,400
301002,240405,501,EACH,501,20,400
301004,240406,251,EACH,251,20,400
301003,240406,338,EACH,338,20,400
301002,240406,167,EACH,167,20,400
301004,240407,251,EACH,251,20,400
301003,240407,338,EACH,338,20,400
301002,240407,167,EACH,167,20,400
301004,240501,251,EACH,251,20,400
301003,240501,338,EACH,338,20,400
301002,240501,167,EACH,167,20,400
301004,240502,252,EACH,252,20,400
301003,240502,338,EACH,338,20,400
301002,240502,168,EACH,168,20,400
301004,240503,251,EACH,251,20,400
301003,240503,338,EACH,338,20,400
301002,240503,167,EACH,167,20,400
301004,240504,753,EACH,753,20,400
301003,240504,1014,EACH,1014,20,400
301002,240504,502,EACH,502,20,400
301004,240505,670,EACH,670,20,400
301003,240505,900,EACH,900,20,400
301002,240505,447,EACH,447,20,400
301004,240506,252,EACH,252,20,400
301003,240506,338,EACH,338,20,400
301002,240506,167,EACH,167,20,400
301004,240507,210,EACH,210,20,400
301003,240507,281,EACH,281,20,400
301002,240507,139,EACH,139,20,400
