Product ID,Product Description,Style ID,Color ID,Size ID,List Price,Standard Cost,First Introduction Date,Closeout Date
110101,Polo Shirt XS White,701011,901001,801001,8.77,4.74,9/1/2012,1/1/9999
110102,Polo Shirt S White,701011,901001,801002,9.19,4.97,9/1/2012,1/1/9999
110103,Polo Shirt M White,701011,901001,801003,9.52,5.15,9/1/2012,1/1/9999
110104,Polo Shirt L White,701011,901001,801004,9.96,5.38,9/1/2012,1/1/9999
110105,Polo Shirt XL White,701011,901001,801005,10.15,5.49,9/1/2012,1/1/9999
110106,Polo Shirt XXL White,701011,901001,801006,11.2,6.05,9/1/2012,1/1/9999
110107,Polo Shirt XXXL White,701011,901001,801007,10.81,5.84,9/1/2012,1/1/9999
110201,Polo Shirt XS Blue,701011,901002,801001,8.85,4.78,9/1/2012,1/1/9999
110202,Polo Shirt S Blue,701011,901002,801002,9.36,5.06,9/1/2012,1/1/9999
110203,Polo Shirt M Blue,701011,901002,801003,9.89,5.35,9/1/2012,1/1/9999
110204,Polo Shirt L Blue,701011,901002,801004,10.22,5.52,9/1/2012,1/1/9999
110205,Polo Shirt XL Blue,701011,901002,801005,10.52,5.69,9/1/2012,1/1/9999
110206,Polo Shirt XXL Blue,701011,901002,801006,10.93,5.91,9/1/2012,1/1/9999
110207,Polo Shirt XXXL Blue,701011,901002,801007,11.38,6.15,9/1/2012,1/1/9999
110301,Polo Shirt XS Red,701011,901003,801001,8.76,4.73,9/1/2012,1/1/9999
110302,Polo Shirt S Red,701011,901003,801002,9.16,4.95,9/1/2012,1/1/9999
110303,Polo Shirt M Red,701011,901003,801003,9.73,5.26,9/1/2012,1/1/9999
110304,Polo Shirt L Red,701011,901003,801004,9.91,5.36,9/1/2012,1/1/9999
110305,Polo Shirt XL Red,701011,901003,801005,10.17,5.50,9/1/2012,1/1/9999
110306,Polo Shirt XXL Red,701011,901003,801006,10.53,5.69,9/1/2012,1/1/9999
110307,Polo Shirt XXXL Red,701011,901003,801007,11.41,6.17,9/1/2012,1/1/9999
110401,Polo Shirt XS Green,701011,901004,801001,8.74,4.72,9/1/2012,1/1/9999
110402,Polo Shirt S Green,701011,901004,801002,9.29,5.02,9/1/2012,1/1/9999
110403,Polo Shirt M Green,701011,901004,801003,9.59,5.18,9/1/2012,1/1/9999
110404,Polo Shirt L Green,701011,901004,801004,9.93,5.37,9/1/2012,1/1/9999
110405,Polo Shirt XL Green,701011,901004,801005,10.67,5.77,9/1/2012,1/1/9999
110406,Polo Shirt XXL Green,701011,901004,801006,10.94,5.91,9/1/2012,1/1/9999
110407,Polo Shirt XXXL Green,701011,901004,801007,11.6,6.27,9/1/2012,1/1/9999
110501,Polo Shirt XS Black,701011,901005,801001,8.76,4.73,9/1/2012,1/1/9999
110502,Polo Shirt S Black,701011,901005,801002,9.4,5.08,9/1/2012,1/1/9999
110503,Polo Shirt M Black,701011,901005,801003,9.77,5.28,9/1/2012,1/1/9999
110504,Polo Shirt L Black,701011,901005,801004,9.86,5.33,9/1/2012,1/1/9999
110505,Polo Shirt XL Black,701011,901005,801005,10.19,5.51,9/1/2012,1/1/9999
110506,Polo Shirt XXL Black,701011,901005,801006,10.74,5.80,9/1/2012,1/1/9999
110507,Polo Shirt XXXL Black,701011,901005,801007,11.8,6.38,9/1/2012,1/1/9999
120101,Dressy Jacket XS White,701012,901001,801001,11.79,6.35,10/1/2012,1/1/9999
120102,Dressy Jacket S White,701012,901001,801002,12.25,6.60,10/1/2012,1/1/9999
120103,Dressy Jacket M White,701012,901001,801003,12.69,6.83,10/1/2012,1/1/9999
120104,Dressy Jacket L White,701012,901001,801004,13.15,7.08,10/1/2012,1/1/9999
120105,Dressy Jacket XL White,701012,901001,801005,13.82,7.44,10/1/2012,1/1/9999
120106,Dressy Jacket XXL White,701012,901001,801006,14.31,7.70,10/1/2012,1/1/9999
120107,Dressy Jacket XXXL White,701012,901001,801007,15.65,8.43,10/1/2012,1/1/9999
120201,Dressy Jacket XS Blue,701012,901002,801001,11.7,6.30,10/1/2012,1/1/9999
120202,Dressy Jacket S Blue,701012,901002,801002,12.49,6.72,10/1/2012,1/1/9999
120203,Dressy Jacket M Blue,701012,901002,801003,12.84,6.91,10/1/2012,1/1/9999
120204,Dressy Jacket L Blue,701012,901002,801004,13.79,7.42,10/1/2012,1/1/9999
120205,Dressy Jacket XL Blue,701012,901002,801005,13.95,7.51,10/1/2012,1/1/9999
120206,Dressy Jacket XXL Blue,701012,901002,801006,14.03,7.55,10/1/2012,1/1/9999
120207,Dressy Jacket XXXL Blue,701012,901002,801007,15.11,8.14,10/1/2012,1/1/9999
120301,Dressy Jacket XS Red,701012,901003,801001,11.85,6.38,10/1/2012,1/1/9999
120302,Dressy Jacket S Red,701012,901003,801002,12.32,6.63,10/1/2012,1/1/9999
120303,Dressy Jacket M Red,701012,901003,801003,12.87,6.93,10/1/2012,1/1/9999
120304,Dressy Jacket L Red,701012,901003,801004,13.28,7.15,10/1/2012,1/1/9999
120305,Dressy Jacket XL Red,701012,901003,801005,13.83,7.45,10/1/2012,1/1/9999
120306,Dressy Jacket XXL Red,701012,901003,801006,14.92,8.03,10/1/2012,1/1/9999
120307,Dressy Jacket XXXL Red,701012,901003,801007,14.82,7.98,10/1/2012,1/1/9999
120401,Dressy Jacket XS Green,701012,901004,801001,11.83,6.37,10/1/2012,1/1/9999
120402,Dressy Jacket S Green,701012,901004,801002,12.39,6.67,10/1/2012,1/1/9999
120403,Dressy Jacket M Green,701012,901004,801003,12.86,6.92,10/1/2012,1/1/9999
120404,Dressy Jacket L Green,701012,901004,801004,13.5,7.27,10/1/2012,1/1/9999
120405,Dressy Jacket XL Green,701012,901004,801005,13.47,7.25,10/1/2012,1/1/9999
120406,Dressy Jacket XXL Green,701012,901004,801006,15.12,8.14,10/1/2012,1/1/9999
120407,Dressy Jacket XXXL Green,701012,901004,801007,15.06,8.11,10/1/2012,1/1/9999
120501,Dressy Jacket XS Black,701012,901005,801001,11.78,6.34,10/1/2012,1/1/9999
120502,Dressy Jacket S Black,701012,901005,801002,12.52,6.74,10/1/2012,1/1/9999
120503,Dressy Jacket M Black,701012,901005,801003,12.96,6.98,10/1/2012,1/1/9999
120504,Dressy Jacket L Black,701012,901005,801004,13.32,7.17,10/1/2012,1/1/9999
120505,Dressy Jacket XL Black,701012,901005,801005,14.39,7.75,10/1/2012,1/1/9999
120506,Dressy Jacket XXL Black,701012,901005,801006,13.91,7.49,10/1/2012,1/1/9999
120507,Dressy Jacket XXXL Black,701012,901005,801007,15.66,8.43,10/1/2012,1/1/9999
130101,Crew T-Shirt 3-Pack XS White,701013,901001,801001,10.47,9.31,11/1/2012,1/1/9999
130102,Crew T-Shirt 3-Pack S White,701013,901001,801002,10.9,9.69,11/1/2012,1/1/9999
130103,Crew T-Shirt 3-Pack M White,701013,901001,801003,11.23,9.98,11/1/2012,1/1/9999
130104,Crew T-Shirt 3-Pack L White,701013,901001,801004,12.04,10.70,11/1/2012,1/1/9999
130105,Crew T-Shirt 3-Pack XL White,701013,901001,801005,12.19,10.84,11/1/2012,1/1/9999
130106,Crew T-Shirt 3-Pack XXL White,701013,901001,801006,13.5,12.00,11/1/2012,1/1/9999
130107,Crew T-Shirt 3-Pack XXXL White,701013,901001,801007,13.64,12.13,11/1/2012,1/1/9999
130201,Crew T-Shirt 3-Pack XS Blue,701013,901002,801001,10.44,9.28,11/1/2012,1/1/9999
130202,Crew T-Shirt 3-Pack S Blue,701013,901002,801002,10.83,9.63,11/1/2012,1/1/9999
130203,Crew T-Shirt 3-Pack M Blue,701013,901002,801003,11.76,10.45,11/1/2012,1/1/9999
130204,Crew T-Shirt 3-Pack L Blue,701013,901002,801004,11.69,10.39,11/1/2012,1/1/9999
130205,Crew T-Shirt 3-Pack XL Blue,701013,901002,801005,12.46,11.08,11/1/2012,1/1/9999
130206,Crew T-Shirt 3-Pack XXL Blue,701013,901002,801006,12.57,11.17,11/1/2012,1/1/9999
130207,Crew T-Shirt 3-Pack XXXL Blue,701013,901002,801007,14.1,12.53,11/1/2012,1/1/9999
130301,Crew T-Shirt 3-Pack XS Red,701013,901003,801001,10.5,9.33,11/1/2012,1/1/9999
130302,Crew T-Shirt 3-Pack S Red,701013,901003,801002,10.94,9.73,11/1/2012,1/1/9999
130303,Crew T-Shirt 3-Pack M Red,701013,901003,801003,11.36,10.10,11/1/2012,1/1/9999
130304,Crew T-Shirt 3-Pack L Red,701013,901003,801004,11.82,10.51,11/1/2012,1/1/9999
130305,Crew T-Shirt 3-Pack XL Red,701013,901003,801005,12.69,11.28,11/1/2012,1/1/9999
130306,Crew T-Shirt 3-Pack XXL Red,701013,901003,801006,13.59,12.08,11/1/2012,1/1/9999
130307,Crew T-Shirt 3-Pack XXXL Red,701013,901003,801007,14.08,12.52,11/1/2012,1/1/9999
130401,Crew T-Shirt 3-Pack XS Green,701013,901004,801001,10.49,9.33,11/1/2012,10/1/2013
130402,Crew T-Shirt 3-Pack S Green,701013,901004,801002,10.87,9.66,11/1/2012,10/1/2013
130403,Crew T-Shirt 3-Pack M Green,701013,901004,801003,11.77,10.46,11/1/2012,10/1/2013
130404,Crew T-Shirt 3-Pack L Green,701013,901004,801004,12.16,10.81,11/1/2012,10/1/2013
130405,Crew T-Shirt 3-Pack XL Green,701013,901004,801005,12,10.67,11/1/2012,10/1/2013
130406,Crew T-Shirt 3-Pack XXL Green,701013,901004,801006,13.53,12.03,11/1/2012,10/1/2013
130407,Crew T-Shirt 3-Pack XXXL Green,701013,901004,801007,13.31,11.83,11/1/2012,10/1/2013
130501,Crew T-Shirt 3-Pack XS Black,701013,901005,801001,10.44,9.28,11/1/2012,1/1/9999
130502,Crew T-Shirt 3-Pack S Black,701013,901005,801002,11.13,9.89,11/1/2012,1/1/9999
130503,Crew T-Shirt 3-Pack M Black,701013,901005,801003,11.51,10.23,11/1/2012,1/1/9999
130504,Crew T-Shirt 3-Pack L Black,701013,901005,801004,11.78,10.47,11/1/2012,1/1/9999
130505,Crew T-Shirt 3-Pack XL Black,701013,901005,801005,12.87,11.44,11/1/2012,1/1/9999
130506,Crew T-Shirt 3-Pack XXL Black,701013,901005,801006,13.24,11.77,11/1/2012,1/1/9999
130507,Crew T-Shirt 3-Pack XXXL Black,701013,901005,801007,13.08,11.63,11/1/2012,1/1/9999
140101,"Men's Polo Shirt XS White",701014,901001,801001,7.48,4.46,12/1/2012,1/1/9999
140102,"Men's Polo Shirt S White",701014,901001,801002,7.93,4.72,12/1/2012,1/1/9999
140103,"Men's Polo Shirt M White",701014,901001,801003,8.37,4.99,12/1/2012,1/1/9999
140104,"Men's Polo Shirt L White",701014,901001,801004,8.72,5.20,12/1/2012,1/1/9999
140105,"Men's Polo Shirt XL White",701014,901001,801005,8.85,5.27,12/1/2012,1/1/9999
140106,"Men's Polo Shirt XXL White",701014,901001,801006,9.34,5.56,12/1/2012,1/1/9999
140107,"Men's Polo Shirt XXXL White",701014,901001,801007,9.66,5.76,12/1/2012,1/1/9999
140201,"Men's Polo Shirt XS Blue",701014,901002,801001,7.43,4.43,12/1/2012,1/1/9999
140202,"Men's Polo Shirt S Blue",701014,901002,801002,7.85,4.68,12/1/2012,1/1/9999
140203,"Men's Polo Shirt M Blue",701014,901002,801003,8.12,4.84,12/1/2012,1/1/9999
140204,"Men's Polo Shirt L Blue",701014,901002,801004,8.24,4.91,12/1/2012,1/1/9999
140205,"Men's Polo Shirt XL Blue",701014,901002,801005,8.95,5.33,12/1/2012,1/1/9999
140206,"Men's Polo Shirt XXL Blue",701014,901002,801006,9.03,5.38,12/1/2012,1/1/9999
140207,"Men's Polo Shirt XXXL Blue",701014,901002,801007,9.45,5.63,12/1/2012,1/1/9999
140301,"Men's Polo Shirt XS Red",701014,901003,801001,7.42,4.42,12/1/2012,1/1/9999
140302,"Men's Polo Shirt S Red",701014,901003,801002,7.9,4.71,12/1/2012,1/1/9999
140303,"Men's Polo Shirt M Red",701014,901003,801003,8.33,4.96,12/1/2012,1/1/9999
140304,"Men's Polo Shirt L Red",701014,901003,801004,8.8,5.24,12/1/2012,1/1/9999
140305,"Men's Polo Shirt XL Red",701014,901003,801005,8.91,5.31,12/1/2012,1/1/9999
140306,"Men's Polo Shirt XXL Red",701014,901003,801006,9.52,5.67,12/1/2012,1/1/9999
140307,"Men's Polo Shirt XXXL Red",701014,901003,801007,10.04,5.98,12/1/2012,1/1/9999
140401,"Men's Polo Shirt XS Green",701014,901004,801001,7.39,4.40,12/1/2012,1/1/9999
140402,"Men's Polo Shirt S Green",701014,901004,801002,7.82,4.66,12/1/2012,1/1/9999
140403,"Men's Polo Shirt M Green",701014,901004,801003,8.07,4.81,12/1/2012,1/1/9999
140404,"Men's Polo Shirt L Green",701014,901004,801004,8.69,5.18,12/1/2012,1/1/9999
140405,"Men's Polo Shirt XL Green",701014,901004,801005,8.61,5.13,12/1/2012,1/1/9999
140406,"Men's Polo Shirt XXL Green",701014,901004,801006,9.62,5.73,12/1/2012,1/1/9999
140407,"Men's Polo Shirt XXXL Green",701014,901004,801007,9.76,5.81,12/1/2012,1/1/9999
140501,"Men's Polo Shirt XS Black",701014,901005,801001,7.48,4.46,12/1/2012,1/1/9999
140502,"Men's Polo Shirt S Black",701014,901005,801002,7.84,4.67,12/1/2012,1/1/9999
140503,"Men's Polo Shirt M Black",701014,901005,801003,8.28,4.93,12/1/2012,1/1/9999
140504,"Men's Polo Shirt L Black",701014,901005,801004,8.24,4.91,12/1/2012,1/1/9999
140505,"Men's Polo Shirt XL Black",701014,901005,801005,9.17,5.46,12/1/2012,1/1/9999
140506,"Men's Polo Shirt XXL Black",701014,901005,801006,9.17,5.46,12/1/2012,1/1/9999
140507,"Men's Polo Shirt XXXL Black",701014,901005,801007,9.45,5.63,12/1/2012,1/1/9999
150101,Baby Jacket XS White,701015,901001,801001,11.43,5.66,9/1/2012,1/1/9999
150102,Baby Jacket S White,701015,901001,801002,11.67,5.78,9/1/2012,1/1/9999
150103,Baby Jacket M White,701015,901001,801003,12.41,6.15,9/1/2012,1/1/9999
150104,Baby Jacket L White,701015,901001,801004,12.92,6.40,9/1/2012,1/1/9999
150105,Baby Jacket XL White,701015,901001,801005,13.45,6.66,9/1/2012,1/1/9999
150106,Baby Jacket XXL White,701015,901001,801006,13.54,6.71,9/1/2012,1/1/9999
150107,Baby Jacket XXXL White,701015,901001,801007,14.65,7.26,9/1/2012,1/1/9999
150201,Baby Jacket XS Blue,701015,901002,801001,11.31,5.60,9/1/2012,1/1/2014
150202,Baby Jacket S Blue,701015,901002,801002,11.79,5.84,9/1/2012,1/1/2014
150203,Baby Jacket M Blue,701015,901002,801003,12.68,6.28,9/1/2012,1/1/2014
150204,Baby Jacket L Blue,701015,901002,801004,13.35,6.61,9/1/2012,1/1/2014
150205,Baby Jacket XL Blue,701015,901002,801005,13.08,6.48,9/1/2012,1/1/2014
150206,Baby Jacket XXL Blue,701015,901002,801006,14.39,7.13,9/1/2012,1/1/2014
150207,Baby Jacket XXXL Blue,701015,901002,801007,14.93,7.40,9/1/2012,1/1/2014
150301,Baby Jacket XS Red,701015,901003,801001,11.25,5.57,9/1/2012,1/1/9999
150302,Baby Jacket S Red,701015,901003,801002,11.82,5.86,9/1/2012,1/1/9999
150303,Baby Jacket M Red,701015,901003,801003,12.67,6.28,9/1/2012,1/1/9999
150304,Baby Jacket L Red,701015,901003,801004,12.78,6.33,9/1/2012,1/1/9999
150305,Baby Jacket XL Red,701015,901003,801005,13.56,6.72,9/1/2012,1/1/9999
150306,Baby Jacket XXL Red,701015,901003,801006,13.65,6.76,9/1/2012,1/1/9999
150307,Baby Jacket XXXL Red,701015,901003,801007,14.2,7.03,9/1/2012,1/1/9999
150401,Baby Jacket XS Green,701015,901004,801001,11.32,5.61,9/1/2012,1/1/9999
150402,Baby Jacket S Green,701015,901004,801002,11.83,5.86,9/1/2012,1/1/9999
150403,Baby Jacket M Green,701015,901004,801003,12.49,6.19,9/1/2012,1/1/9999
150404,Baby Jacket L Green,701015,901004,801004,13.33,6.60,9/1/2012,1/1/9999
150405,Baby Jacket XL Green,701015,901004,801005,13.75,6.81,9/1/2012,1/1/9999
150406,Baby Jacket XXL Green,701015,901004,801006,13.85,6.86,9/1/2012,1/1/9999
150407,Baby Jacket XXXL Green,701015,901004,801007,15.18,7.52,9/1/2012,1/1/9999
150501,Baby Jacket XS Black,701015,901005,801001,11.43,5.66,9/1/2012,1/1/9999
150502,Baby Jacket S Black,701015,901005,801002,11.83,5.86,9/1/2012,1/1/9999
150503,Baby Jacket M Black,701015,901005,801003,12.18,6.03,9/1/2012,1/1/9999
150504,Baby Jacket L Black,701015,901005,801004,12.65,6.27,9/1/2012,1/1/9999
150505,Baby Jacket XL Black,701015,901005,801005,13.89,6.88,9/1/2012,1/1/9999
150506,Baby Jacket XXL Black,701015,901005,801006,14.6,7.23,9/1/2012,1/1/9999
150507,Baby Jacket XXXL Black,701015,901005,801007,15.06,7.46,9/1/2012,1/1/9999
160101,"Boy's Polo Shirt 2-Pack XS White",701016,901001,801001,16.12,14.55,10/1/2012,1/1/9999
160102,"Boy's Polo Shirt 2-Pack S White",701016,901001,801002,17.04,15.38,10/1/2012,1/1/9999
160103,"Boy's Polo Shirt 2-Pack M White",701016,901001,801003,17.68,15.96,10/1/2012,1/1/9999
160104,"Boy's Polo Shirt 2-Pack L White",701016,901001,801004,18.16,16.39,10/1/2012,1/1/9999
160105,"Boy's Polo Shirt 2-Pack XL White",701016,901001,801005,19.65,17.74,10/1/2012,1/1/9999
160106,"Boy's Polo Shirt 2-Pack XXL White",701016,901001,801006,20.62,18.61,10/1/2012,1/1/9999
160107,"Boy's Polo Shirt 2-Pack XXXL White",701016,901001,801007,20,18.05,10/1/2012,1/1/9999
160201,"Boy's Polo Shirt 2-Pack XS Blue",701016,901002,801001,16.2,14.62,10/1/2012,1/1/9999
160202,"Boy's Polo Shirt 2-Pack S Blue",701016,901002,801002,16.53,14.92,10/1/2012,1/1/9999
160203,"Boy's Polo Shirt 2-Pack M Blue",701016,901002,801003,17.87,16.13,10/1/2012,1/1/9999
160204,"Boy's Polo Shirt 2-Pack L Blue",701016,901002,801004,18.29,16.51,10/1/2012,1/1/9999
160205,"Boy's Polo Shirt 2-Pack XL Blue",701016,901002,801005,19.71,17.79,10/1/2012,1/1/9999
160206,"Boy's Polo Shirt 2-Pack XXL Blue",701016,901002,801006,20.27,18.30,10/1/2012,1/1/9999
160207,"Boy's Polo Shirt 2-Pack XXXL Blue",701016,901002,801007,19.75,17.83,10/1/2012,1/1/9999
160301,"Boy's Polo Shirt 2-Pack XS Red",701016,901003,801001,16.21,14.63,10/1/2012,1/1/9999
160302,"Boy's Polo Shirt 2-Pack S Red",701016,901003,801002,17.13,15.46,10/1/2012,1/1/9999
160303,"Boy's Polo Shirt 2-Pack M Red",701016,901003,801003,17.66,15.94,10/1/2012,1/1/9999
160304,"Boy's Polo Shirt 2-Pack L Red",701016,901003,801004,18.56,16.75,10/1/2012,1/1/9999
160305,"Boy's Polo Shirt 2-Pack XL Red",701016,901003,801005,18.49,16.69,10/1/2012,1/1/9999
160306,"Boy's Polo Shirt 2-Pack XXL Red",701016,901003,801006,19.81,17.88,10/1/2012,1/1/9999
160307,"Boy's Polo Shirt 2-Pack XXXL Red",701016,901003,801007,19.92,17.98,10/1/2012,1/1/9999
160401,"Boy's Polo Shirt 2-Pack XS Green",701016,901004,801001,16.09,14.52,10/1/2012,1/1/9999
160402,"Boy's Polo Shirt 2-Pack S Green",701016,901004,801002,17,15.34,10/1/2012,1/1/9999
160403,"Boy's Polo Shirt 2-Pack M Green",701016,901004,801003,17.42,15.72,10/1/2012,1/1/9999
160404,"Boy's Polo Shirt 2-Pack L Green",701016,901004,801004,18.27,16.49,10/1/2012,1/1/9999
160405,"Boy's Polo Shirt 2-Pack XL Green",701016,901004,801005,19.37,17.48,10/1/2012,1/1/9999
160406,"Boy's Polo Shirt 2-Pack XXL Green",701016,901004,801006,19.44,17.55,10/1/2012,1/1/9999
160407,"Boy's Polo Shirt 2-Pack XXXL Green",701016,901004,801007,19.9,17.96,10/1/2012,1/1/9999
160501,"Boy's Polo Shirt 2-Pack XS Black",701016,901005,801001,16.05,14.49,10/1/2012,1/1/9999
160502,"Boy's Polo Shirt 2-Pack S Black",701016,901005,801002,16.99,15.34,10/1/2012,1/1/9999
160503,"Boy's Polo Shirt 2-Pack M Black",701016,901005,801003,17.62,15.90,10/1/2012,1/1/9999
160504,"Boy's Polo Shirt 2-Pack L Black",701016,901005,801004,17.84,16.10,10/1/2012,1/1/9999
160505,"Boy's Polo Shirt 2-Pack XL Black",701016,901005,801005,18.92,17.08,10/1/2012,1/1/9999
160506,"Boy's Polo Shirt 2-Pack XXL Black",701016,901005,801006,19.95,18.01,10/1/2012,1/1/9999
160507,"Boy's Polo Shirt 2-Pack XXXL Black",701016,901005,801007,20.44,18.45,10/1/2012,1/1/9999
170101,"Girl's Button-Down Shirt XS White",701017,901001,801001,9.41,4.44,11/1/2012,1/1/9999
170102,"Girl's Button-Down Shirt S White",701017,901001,801002,9.87,4.66,11/1/2012,1/1/9999
170103,"Girl's Button-Down Shirt M White",701017,901001,801003,10.44,4.93,11/1/2012,1/1/9999
170104,"Girl's Button-Down Shirt L White",701017,901001,801004,10.65,5.03,11/1/2012,1/1/9999
170105,"Girl's Button-Down Shirt XL White",701017,901001,801005,10.89,5.14,11/1/2012,1/1/9999
170106,"Girl's Button-Down Shirt XXL White",701017,901001,801006,11.63,5.49,11/1/2012,1/1/9999
170107,"Girl's Button-Down Shirt XXXL White",701017,901001,801007,12.44,5.87,11/1/2012,1/1/9999
170201,"Girl's Button-Down Shirt XS Blue",701017,901002,801001,9.51,4.49,11/1/2012,1/1/9999
170202,"Girl's Button-Down Shirt S Blue",701017,901002,801002,9.77,4.61,11/1/2012,1/1/9999
170203,"Girl's Button-Down Shirt M Blue",701017,901002,801003,10.47,4.94,11/1/2012,1/1/9999
170204,"Girl's Button-Down Shirt L Blue",701017,901002,801004,10.78,5.09,11/1/2012,1/1/9999
170205,"Girl's Button-Down Shirt XL Blue",701017,901002,801005,11.07,5.23,11/1/2012,1/1/9999
170206,"Girl's Button-Down Shirt XXL Blue",701017,901002,801006,11.34,5.36,11/1/2012,1/1/9999
170207,"Girl's Button-Down Shirt XXXL Blue",701017,901002,801007,12.3,5.81,11/1/2012,1/1/9999
170301,"Girl's Button-Down Shirt XS Red",701017,901003,801001,9.46,4.47,11/1/2012,1/1/9999
170302,"Girl's Button-Down Shirt S Red",701017,901003,801002,9.98,4.71,11/1/2012,1/1/9999
170303,"Girl's Button-Down Shirt M Red",701017,901003,801003,10.61,5.01,11/1/2012,1/1/9999
170304,"Girl's Button-Down Shirt L Red",701017,901003,801004,11,5.19,11/1/2012,1/1/9999
170305,"Girl's Button-Down Shirt XL Red",701017,901003,801005,11.05,5.22,11/1/2012,1/1/9999
170306,"Girl's Button-Down Shirt XXL Red",701017,901003,801006,11.77,5.56,11/1/2012,1/1/9999
170307,"Girl's Button-Down Shirt XXXL Red",701017,901003,801007,12.58,5.94,11/1/2012,1/1/9999
170401,"Girl's Button-Down Shirt XS Green",701017,901004,801001,9.43,4.45,11/1/2012,1/1/9999
170402,"Girl's Button-Down Shirt S Green",701017,901004,801002,9.96,4.70,11/1/2012,1/1/9999
170403,"Girl's Button-Down Shirt M Green",701017,901004,801003,10.52,4.97,11/1/2012,1/1/9999
170404,"Girl's Button-Down Shirt L Green",701017,901004,801004,10.91,5.15,11/1/2012,1/1/9999
170405,"Girl's Button-Down Shirt XL Green",701017,901004,801005,10.89,5.14,11/1/2012,1/1/9999
170406,"Girl's Button-Down Shirt XXL Green",701017,901004,801006,11.61,5.48,11/1/2012,1/1/9999
170407,"Girl's Button-Down Shirt XXXL Green",701017,901004,801007,12.39,5.85,11/1/2012,1/1/9999
170501,"Girl's Button-Down Shirt XS Black",701017,901005,801001,9.43,4.45,11/1/2012,5/1/2013
170502,"Girl's Button-Down Shirt S Black",701017,901005,801002,10.01,4.73,11/1/2012,5/1/2013
170503,"Girl's Button-Down Shirt M Black",701017,901005,801003,10.5,4.96,11/1/2012,5/1/2013
170504,"Girl's Button-Down Shirt L Black",701017,901005,801004,10.52,4.97,11/1/2012,5/1/2013
170505,"Girl's Button-Down Shirt XL Black",701017,901005,801005,11.54,5.45,11/1/2012,5/1/2013
170506,"Girl's Button-Down Shirt XXL Black",701017,901005,801006,11.88,5.61,11/1/2012,5/1/2013
170507,"Girl's Button-Down Shirt XXXL Black",701017,901005,801007,12.76,6.03,11/1/2012,5/1/2013
180101,Slim-Fit Polo XS White,701018,901001,801001,8.98,5.06,12/1/2012,1/1/9999
180102,Slim-Fit Polo S White,701018,901001,801002,9.47,5.34,12/1/2012,1/1/9999
180103,Slim-Fit Polo M White,701018,901001,801003,9.61,5.42,12/1/2012,1/1/9999
180104,Slim-Fit Polo L White,701018,901001,801004,9.9,5.58,12/1/2012,1/1/9999
180105,Slim-Fit Polo XL White,701018,901001,801005,10.8,6.09,12/1/2012,1/1/9999
180106,Slim-Fit Polo XXL White,701018,901001,801006,10.69,6.02,12/1/2012,1/1/9999
180107,Slim-Fit Polo XXXL White,701018,901001,801007,11.59,6.53,12/1/2012,1/1/9999
180201,Slim-Fit Polo XS Blue,701018,901002,801001,8.88,5.00,12/1/2012,1/1/9999
180202,Slim-Fit Polo S Blue,701018,901002,801002,9.23,5.20,12/1/2012,1/1/9999
180203,Slim-Fit Polo M Blue,701018,901002,801003,9.54,5.38,12/1/2012,1/1/9999
180204,Slim-Fit Polo L Blue,701018,901002,801004,10.37,5.84,12/1/2012,1/1/9999
180205,Slim-Fit Polo XL Blue,701018,901002,801005,10.54,5.94,12/1/2012,1/1/9999
180206,Slim-Fit Polo XXL Blue,701018,901002,801006,11.55,6.51,12/1/2012,1/1/9999
180207,Slim-Fit Polo XXXL Blue,701018,901002,801007,11.97,6.75,12/1/2012,1/1/9999
180301,Slim-Fit Polo XS Red,701018,901003,801001,8.92,5.03,12/1/2012,1/1/9999
180302,Slim-Fit Polo S Red,701018,901003,801002,9.2,5.18,12/1/2012,1/1/9999
180303,Slim-Fit Polo M Red,701018,901003,801003,9.99,5.63,12/1/2012,1/1/9999
180304,Slim-Fit Polo L Red,701018,901003,801004,10.2,5.75,12/1/2012,1/1/9999
180305,Slim-Fit Polo XL Red,701018,901003,801005,10.44,5.88,12/1/2012,1/1/9999
180306,Slim-Fit Polo XXL Red,701018,901003,801006,11.18,6.30,12/1/2012,1/1/9999
180307,Slim-Fit Polo XXXL Red,701018,901003,801007,10.95,6.17,12/1/2012,1/1/9999
180401,Slim-Fit Polo XS Green,701018,901004,801001,8.92,5.03,12/1/2012,1/1/9999
180402,Slim-Fit Polo S Green,701018,901004,801002,9.51,5.36,12/1/2012,1/1/9999
180403,Slim-Fit Polo M Green,701018,901004,801003,9.53,5.37,12/1/2012,1/1/9999
180404,Slim-Fit Polo L Green,701018,901004,801004,10.42,5.87,12/1/2012,1/1/9999
180405,Slim-Fit Polo XL Green,701018,901004,801005,10.39,5.86,12/1/2012,1/1/9999
180406,Slim-Fit Polo XXL Green,701018,901004,801006,10.69,6.02,12/1/2012,1/1/9999
180407,Slim-Fit Polo XXXL Green,701018,901004,801007,11.18,6.30,12/1/2012,1/1/9999
180501,Slim-Fit Polo XS Black,701018,901005,801001,8.85,4.99,12/1/2012,1/1/9999
180502,Slim-Fit Polo S Black,701018,901005,801002,9.38,5.29,12/1/2012,1/1/9999
180503,Slim-Fit Polo M Black,701018,901005,801003,9.85,5.55,12/1/2012,1/1/9999
180504,Slim-Fit Polo L Black,701018,901005,801004,10.14,5.71,12/1/2012,1/1/9999
180505,Slim-Fit Polo XL Black,701018,901005,801005,10.93,6.16,12/1/2012,1/1/9999
180506,Slim-Fit Polo XXL Black,701018,901005,801006,10.88,6.13,12/1/2012,1/1/9999
180507,Slim-Fit Polo XXXL Black,701018,901005,801007,11.3,6.37,12/1/2012,1/1/9999
190101,"Women's V-Neck T-Shirt 3-Pack XS White",701019,901001,801001,12.83,10.51,1/1/2013,1/1/9999
190102,"Women's V-Neck T-Shirt 3-Pack S White",701019,901001,801002,13.58,11.12,1/1/2013,1/1/9999
190103,"Women's V-Neck T-Shirt 3-Pack M White",701019,901001,801003,13.77,11.28,1/1/2013,1/1/9999
190104,"Women's V-Neck T-Shirt 3-Pack L White",701019,901001,801004,14.73,12.06,1/1/2013,1/1/9999
190105,"Women's V-Neck T-Shirt 3-Pack XL White",701019,901001,801005,14.79,12.11,1/1/2013,1/1/9999
190106,"Women's V-Neck T-Shirt 3-Pack XXL White",701019,901001,801006,15.88,13.00,1/1/2013,1/1/9999
190107,"Women's V-Neck T-Shirt 3-Pack XXXL White",701019,901001,801007,17.27,14.14,1/1/2013,1/1/9999
190201,"Women's V-Neck T-Shirt 3-Pack XS Blue",701019,901002,801001,12.86,10.53,1/1/2013,1/1/9999
190202,"Women's V-Neck T-Shirt 3-Pack S Blue",701019,901002,801002,13.27,10.87,1/1/2013,1/1/9999
190203,"Women's V-Neck T-Shirt 3-Pack M Blue",701019,901002,801003,14.36,11.76,1/1/2013,1/1/9999
190204,"Women's V-Neck T-Shirt 3-Pack L Blue",701019,901002,801004,14.58,11.94,1/1/2013,1/1/9999
190205,"Women's V-Neck T-Shirt 3-Pack XL Blue",701019,901002,801005,15.15,12.41,1/1/2013,1/1/9999
190206,"Women's V-Neck T-Shirt 3-Pack XXL Blue",701019,901002,801006,16.52,13.53,1/1/2013,1/1/9999
190207,"Women's V-Neck T-Shirt 3-Pack XXXL Blue",701019,901002,801007,17.18,14.07,1/1/2013,1/1/9999
190301,"Women's V-Neck T-Shirt 3-Pack XS Red",701019,901003,801001,12.84,10.51,1/1/2013,1/1/9999
190302,"Women's V-Neck T-Shirt 3-Pack S Red",701019,901003,801002,13.26,10.86,1/1/2013,1/1/9999
190303,"Women's V-Neck T-Shirt 3-Pack M Red",701019,901003,801003,14.18,11.61,1/1/2013,1/1/9999
190304,"Women's V-Neck T-Shirt 3-Pack L Red",701019,901003,801004,14.83,12.14,1/1/2013,1/1/9999
190305,"Women's V-Neck T-Shirt 3-Pack XL Red",701019,901003,801005,14.73,12.06,1/1/2013,1/1/9999
190306,"Women's V-Neck T-Shirt 3-Pack XXL Red",701019,901003,801006,15.63,12.80,1/1/2013,1/1/9999
190307,"Women's V-Neck T-Shirt 3-Pack XXXL Red",701019,901003,801007,17.08,13.99,1/1/2013,1/1/9999
190401,"Women's V-Neck T-Shirt 3-Pack XS Green",701019,901004,801001,12.89,10.56,1/1/2013,3/1/2014
190402,"Women's V-Neck T-Shirt 3-Pack S Green",701019,901004,801002,13.58,11.12,1/1/2013,3/1/2014
190403,"Women's V-Neck T-Shirt 3-Pack M Green",701019,901004,801003,14.35,11.75,1/1/2013,3/1/2014
190404,"Women's V-Neck T-Shirt 3-Pack L Green",701019,901004,801004,14.53,11.90,1/1/2013,3/1/2014
190405,"Women's V-Neck T-Shirt 3-Pack XL Green",701019,901004,801005,15.31,12.54,1/1/2013,3/1/2014
190406,"Women's V-Neck T-Shirt 3-Pack XXL Green",701019,901004,801006,15.41,12.62,1/1/2013,3/1/2014
190407,"Women's V-Neck T-Shirt 3-Pack XXXL Green",701019,901004,801007,16.46,13.48,1/1/2013,3/1/2014
190501,"Women's V-Neck T-Shirt 3-Pack XS Black",701019,901005,801001,12.86,10.53,1/1/2013,1/1/9999
190502,"Women's V-Neck T-Shirt 3-Pack S Black",701019,901005,801002,13.57,11.11,1/1/2013,1/1/9999
190503,"Women's V-Neck T-Shirt 3-Pack M Black",701019,901005,801003,13.82,11.32,1/1/2013,1/1/9999
190504,"Women's V-Neck T-Shirt 3-Pack L Black",701019,901005,801004,14.24,11.66,1/1/2013,1/1/9999
190505,"Women's V-Neck T-Shirt 3-Pack XL Black",701019,901005,801005,15.23,12.47,1/1/2013,1/1/9999
190506,"Women's V-Neck T-Shirt 3-Pack XXL Black",701019,901005,801006,15.74,12.89,1/1/2013,1/1/9999
190507,"Women's V-Neck T-Shirt 3-Pack XXXL Black",701019,901005,801007,16.56,13.56,1/1/2013,1/1/9999
200101,Sport Jacket XS White,701020,901001,801001,11.44,6.78,2/1/2013,1/1/9999
200102,Sport Jacket S White,701020,901001,801002,12.2,7.23,2/1/2013,1/1/9999
200103,Sport Jacket M White,701020,901001,801003,12.73,7.55,2/1/2013,1/1/9999
200104,Sport Jacket L White,701020,901001,801004,13.19,7.82,2/1/2013,1/1/9999
200105,Sport Jacket XL White,701020,901001,801005,13.47,7.98,2/1/2013,1/1/9999
200106,Sport Jacket XXL White,701020,901001,801006,13.91,8.24,2/1/2013,1/1/9999
200107,Sport Jacket XXXL White,701020,901001,801007,14.19,8.41,2/1/2013,1/1/9999
200201,Sport Jacket XS Blue,701020,901002,801001,11.59,6.87,2/1/2013,2/1/2014
200202,Sport Jacket S Blue,701020,901002,801002,12.22,7.24,2/1/2013,2/1/2014
200203,Sport Jacket M Blue,701020,901002,801003,12.37,7.33,2/1/2013,2/1/2014
200204,Sport Jacket L Blue,701020,901002,801004,12.97,7.69,2/1/2013,2/1/2014
200205,Sport Jacket XL Blue,701020,901002,801005,13.54,8.03,2/1/2013,2/1/2014
200206,Sport Jacket XXL Blue,701020,901002,801006,13.84,8.20,2/1/2013,2/1/2014
200207,Sport Jacket XXXL Blue,701020,901002,801007,15.28,9.06,2/1/2013,2/1/2014
200301,Sport Jacket XS Red,701020,901003,801001,11.64,6.90,2/1/2013,1/1/9999
200302,Sport Jacket S Red,701020,901003,801002,12.27,7.27,2/1/2013,1/1/9999
200303,Sport Jacket M Red,701020,901003,801003,12.47,7.39,2/1/2013,1/1/9999
200304,Sport Jacket L Red,701020,901003,801004,13.25,7.85,2/1/2013,1/1/9999
200305,Sport Jacket XL Red,701020,901003,801005,14.24,8.44,2/1/2013,1/1/9999
200306,Sport Jacket XXL Red,701020,901003,801006,13.8,8.18,2/1/2013,1/1/9999
200307,Sport Jacket XXXL Red,701020,901003,801007,14.1,8.36,2/1/2013,1/1/9999
200401,Sport Jacket XS Green,701020,901004,801001,11.54,6.84,2/1/2013,1/1/9999
200402,Sport Jacket S Green,701020,901004,801002,12.22,7.24,2/1/2013,1/1/9999
200403,Sport Jacket M Green,701020,901004,801003,12.46,7.39,2/1/2013,1/1/9999
200404,Sport Jacket L Green,701020,901004,801004,12.84,7.61,2/1/2013,1/1/9999
200405,Sport Jacket XL Green,701020,901004,801005,13.23,7.84,2/1/2013,1/1/9999
200406,Sport Jacket XXL Green,701020,901004,801006,14.43,8.55,2/1/2013,1/1/9999
200407,Sport Jacket XXXL Green,701020,901004,801007,15.26,9.05,2/1/2013,1/1/9999
200501,Sport Jacket XS Black,701020,901005,801001,11.61,6.88,2/1/2013,1/1/9999
200502,Sport Jacket S Black,701020,901005,801002,12.04,7.14,2/1/2013,1/1/9999
200503,Sport Jacket M Black,701020,901005,801003,12.85,7.62,2/1/2013,1/1/9999
200504,Sport Jacket L Black,701020,901005,801004,13.03,7.72,2/1/2013,1/1/9999
200505,Sport Jacket XL Black,701020,901005,801005,13.56,8.04,2/1/2013,1/1/9999
200506,Sport Jacket XXL Black,701020,901005,801006,13.7,8.12,2/1/2013,1/1/9999
200507,Sport Jacket XXXL Black,701020,901005,801007,14.3,8.48,2/1/2013,1/1/9999
210101,Classic-Fit Pocket T-Shirt XS White,701021,901001,801001,4.21,2.23,3/1/2013,1/1/9999
210102,Classic-Fit Pocket T-Shirt S White,701021,901001,801002,4.34,2.30,3/1/2013,1/1/9999
210103,Classic-Fit Pocket T-Shirt M White,701021,901001,801003,4.55,2.41,3/1/2013,1/1/9999
210104,Classic-Fit Pocket T-Shirt L White,701021,901001,801004,4.87,2.58,3/1/2013,1/1/9999
210105,Classic-Fit Pocket T-Shirt XL White,701021,901001,801005,4.89,2.59,3/1/2013,1/1/9999
210106,Classic-Fit Pocket T-Shirt XXL White,701021,901001,801006,5.36,2.84,3/1/2013,1/1/9999
210107,Classic-Fit Pocket T-Shirt XXXL White,701021,901001,801007,5.31,2.81,3/1/2013,1/1/9999
210201,Classic-Fit Pocket T-Shirt XS Blue,701021,901002,801001,4.19,2.22,3/1/2013,1/1/9999
210202,Classic-Fit Pocket T-Shirt S Blue,701021,901002,801002,4.41,2.34,3/1/2013,1/1/9999
210203,Classic-Fit Pocket T-Shirt M Blue,701021,901002,801003,4.62,2.45,3/1/2013,1/1/9999
210204,Classic-Fit Pocket T-Shirt L Blue,701021,901002,801004,4.95,2.62,3/1/2013,1/1/9999
210205,Classic-Fit Pocket T-Shirt XL Blue,701021,901002,801005,4.98,2.64,3/1/2013,1/1/9999
210206,Classic-Fit Pocket T-Shirt XXL Blue,701021,901002,801006,5.15,2.73,3/1/2013,1/1/9999
210207,Classic-Fit Pocket T-Shirt XXXL Blue,701021,901002,801007,5.19,2.75,3/1/2013,1/1/9999
210301,Classic-Fit Pocket T-Shirt XS Red,701021,901003,801001,4.17,2.21,3/1/2013,1/1/2014
210302,Classic-Fit Pocket T-Shirt S Red,701021,901003,801002,4.39,2.33,3/1/2013,1/1/2014
210303,Classic-Fit Pocket T-Shirt M Red,701021,901003,801003,4.62,2.45,3/1/2013,1/1/2014
210304,Classic-Fit Pocket T-Shirt L Red,701021,901003,801004,4.96,2.63,3/1/2013,1/1/2014
210305,Classic-Fit Pocket T-Shirt XL Red,701021,901003,801005,5.1,2.70,3/1/2013,1/1/2014
210306,Classic-Fit Pocket T-Shirt XXL Red,701021,901003,801006,5.08,2.69,3/1/2013,1/1/2014
210307,Classic-Fit Pocket T-Shirt XXXL Red,701021,901003,801007,5.18,2.75,3/1/2013,1/1/2014
210401,Classic-Fit Pocket T-Shirt XS Green,701021,901004,801001,4.2,2.23,3/1/2013,1/1/9999
210402,Classic-Fit Pocket T-Shirt S Green,701021,901004,801002,4.35,2.31,3/1/2013,1/1/9999
210403,Classic-Fit Pocket T-Shirt M Green,701021,901004,801003,4.53,2.40,3/1/2013,1/1/9999
210404,Classic-Fit Pocket T-Shirt L Green,701021,901004,801004,4.78,2.53,3/1/2013,1/1/9999
210405,Classic-Fit Pocket T-Shirt XL Green,701021,901004,801005,4.93,2.61,3/1/2013,1/1/9999
210406,Classic-Fit Pocket T-Shirt XXL Green,701021,901004,801006,5.05,2.68,3/1/2013,1/1/9999
210407,Classic-Fit Pocket T-Shirt XXXL Green,701021,901004,801007,5.59,2.96,3/1/2013,1/1/9999
210501,Classic-Fit Pocket T-Shirt XS Black,701021,901005,801001,4.19,2.22,3/1/2013,1/1/9999
210502,Classic-Fit Pocket T-Shirt S Black,701021,901005,801002,4.39,2.33,3/1/2013,1/1/9999
210503,Classic-Fit Pocket T-Shirt M Black,701021,901005,801003,4.51,2.39,3/1/2013,1/1/9999
210504,Classic-Fit Pocket T-Shirt L Black,701021,901005,801004,4.82,2.55,3/1/2013,1/1/9999
210505,Classic-Fit Pocket T-Shirt XL Black,701021,901005,801005,4.82,2.55,3/1/2013,1/1/9999
210506,Classic-Fit Pocket T-Shirt XXL Black,701021,901005,801006,4.98,2.64,3/1/2013,1/1/9999
210507,Classic-Fit Pocket T-Shirt XXXL Black,701021,901005,801007,5.61,2.97,3/1/2013,1/1/9999
220101,"Women's Oxford Shirt XS White",701022,901001,801001,9.08,4.46,1/1/2014,1/1/9999
220102,"Women's Oxford Shirt S White",701022,901001,801002,9.62,4.72,1/1/2014,1/1/9999
220103,"Women's Oxford Shirt M White",701022,901001,801003,10.12,4.97,1/1/2014,1/1/9999
220104,"Women's Oxford Shirt L White",701022,901001,801004,10.28,5.05,1/1/2014,1/1/9999
220105,"Women's Oxford Shirt XL White",701022,901001,801005,10.53,5.17,1/1/2014,1/1/9999
220106,"Women's Oxford Shirt XXL White",701022,901001,801006,11.01,5.40,1/1/2014,1/1/9999
220107,"Women's Oxford Shirt XXXL White",701022,901001,801007,12.09,5.93,1/1/2014,1/1/9999
220201,"Women's Oxford Shirt XS Blue",701022,901002,801001,9.17,4.50,1/1/2014,1/1/9999
220202,"Women's Oxford Shirt S Blue",701022,901002,801002,9.5,4.66,1/1/2014,1/1/9999
220203,"Women's Oxford Shirt M Blue",701022,901002,801003,9.86,4.84,1/1/2014,1/1/9999
220204,"Women's Oxford Shirt L Blue",701022,901002,801004,10.63,5.22,1/1/2014,1/1/9999
220205,"Women's Oxford Shirt XL Blue",701022,901002,801005,10.85,5.33,1/1/2014,1/1/9999
220206,"Women's Oxford Shirt XXL Blue",701022,901002,801006,11.56,5.67,1/1/2014,1/1/9999
220207,"Women's Oxford Shirt XXXL Blue",701022,901002,801007,11.31,5.55,1/1/2014,1/1/9999
220301,"Women's Oxford Shirt XS Red",701022,901003,801001,9.06,4.45,1/1/2014,1/1/9999
220302,"Women's Oxford Shirt S Red",701022,901003,801002,9.58,4.70,1/1/2014,1/1/9999
220303,"Women's Oxford Shirt M Red",701022,901003,801003,9.82,4.82,1/1/2014,1/1/9999
220304,"Women's Oxford Shirt L Red",701022,901003,801004,10.5,5.15,1/1/2014,1/1/9999
220305,"Women's Oxford Shirt XL Red",701022,901003,801005,10.76,5.28,1/1/2014,1/1/9999
220306,"Women's Oxford Shirt XXL Red",701022,901003,801006,11.31,5.55,1/1/2014,1/1/9999
220307,"Women's Oxford Shirt XXXL Red",701022,901003,801007,11.33,5.56,1/1/2014,1/1/9999
220401,"Women's Oxford Shirt XS Green",701022,901004,801001,9.1,4.47,1/1/2014,1/1/9999
220402,"Women's Oxford Shirt S Green",701022,901004,801002,9.62,4.72,1/1/2014,1/1/9999
220403,"Women's Oxford Shirt M Green",701022,901004,801003,9.84,4.83,1/1/2014,1/1/9999
220404,"Women's Oxford Shirt L Green",701022,901004,801004,10.52,5.16,1/1/2014,1/1/9999
220405,"Women's Oxford Shirt XL Green",701022,901004,801005,10.83,5.32,1/1/2014,1/1/9999
220406,"Women's Oxford Shirt XXL Green",701022,901004,801006,11.25,5.52,1/1/2014,1/1/9999
220407,"Women's Oxford Shirt XXXL Green",701022,901004,801007,11.36,5.58,1/1/2014,1/1/9999
220501,"Women's Oxford Shirt XS Black",701022,901005,801001,9.05,4.44,1/1/2014,1/1/9999
220502,"Women's Oxford Shirt S Black",701022,901005,801002,9.67,4.75,1/1/2014,1/1/9999
220503,"Women's Oxford Shirt M Black",701022,901005,801003,10.24,5.03,1/1/2014,1/1/9999
220504,"Women's Oxford Shirt L Black",701022,901005,801004,10.39,5.10,1/1/2014,1/1/9999
220505,"Women's Oxford Shirt XL Black",701022,901005,801005,11.03,5.41,1/1/2014,1/1/9999
220506,"Women's Oxford Shirt XXL Black",701022,901005,801006,11.24,5.52,1/1/2014,1/1/9999
220507,"Women's Oxford Shirt XXXL Black",701022,901005,801007,11.36,5.58,1/1/2014,1/1/9999
230101,Blouse XS White,701023,901001,801001,12.51,4.51,2/1/2014,1/1/9999
230102,Blouse S White,701023,901001,801002,13.34,4.81,2/1/2014,1/1/9999
230103,Blouse M White,701023,901001,801003,13.97,5.04,2/1/2014,1/1/9999
230104,Blouse L White,701023,901001,801004,14.69,5.30,2/1/2014,1/1/9999
230105,Blouse XL White,701023,901001,801005,15.07,5.44,2/1/2014,1/1/9999
230106,Blouse XXL White,701023,901001,801006,15.9,5.74,2/1/2014,1/1/9999
230107,Blouse XXXL White,701023,901001,801007,16.73,6.04,2/1/2014,1/1/9999
230201,Blouse XS Blue,701023,901002,801001,12.57,4.54,2/1/2014,1/1/9999
230202,Blouse S Blue,701023,901002,801002,13.33,4.81,2/1/2014,1/1/9999
230203,Blouse M Blue,701023,901002,801003,13.84,4.99,2/1/2014,1/1/9999
230204,Blouse L Blue,701023,901002,801004,14.28,5.15,2/1/2014,1/1/9999
230205,Blouse XL Blue,701023,901002,801005,14.93,5.39,2/1/2014,1/1/9999
230206,Blouse XXL Blue,701023,901002,801006,16.18,5.84,2/1/2014,1/1/9999
230207,Blouse XXXL Blue,701023,901002,801007,16.5,5.95,2/1/2014,1/1/9999
230301,Blouse XS Red,701023,901003,801001,12.65,4.56,2/1/2014,1/1/9999
230302,Blouse S Red,701023,901003,801002,13.27,4.79,2/1/2014,1/1/9999
230303,Blouse M Red,701023,901003,801003,13.97,5.04,2/1/2014,1/1/9999
230304,Blouse L Red,701023,901003,801004,14,5.05,2/1/2014,1/1/9999
230305,Blouse XL Red,701023,901003,801005,15.42,5.56,2/1/2014,1/1/9999
230306,Blouse XXL Red,701023,901003,801006,15.94,5.75,2/1/2014,1/1/9999
230307,Blouse XXXL Red,701023,901003,801007,16.19,5.84,2/1/2014,1/1/9999
230401,Blouse XS Green,701023,901004,801001,12.71,4.59,2/1/2014,1/1/9999
230402,Blouse S Green,701023,901004,801002,13.28,4.79,2/1/2014,1/1/9999
230403,Blouse M Green,701023,901004,801003,13.64,4.92,2/1/2014,1/1/9999
230404,Blouse L Green,701023,901004,801004,14.19,5.12,2/1/2014,1/1/9999
230405,Blouse XL Green,701023,901004,801005,14.69,5.30,2/1/2014,1/1/9999
230406,Blouse XXL Green,701023,901004,801006,16.15,5.83,2/1/2014,1/1/9999
230407,Blouse XXXL Green,701023,901004,801007,16.34,5.90,2/1/2014,1/1/9999
230501,Blouse XS Black,701023,901005,801001,12.66,4.57,2/1/2014,1/1/9999
230502,Blouse S Black,701023,901005,801002,13.3,4.80,2/1/2014,1/1/9999
230503,Blouse M Black,701023,901005,801003,13.57,4.90,2/1/2014,1/1/9999
230504,Blouse L Black,701023,901005,801004,14.4,5.20,2/1/2014,1/1/9999
230505,Blouse XL Black,701023,901005,801005,15.53,5.60,2/1/2014,1/1/9999
230506,Blouse XXL Black,701023,901005,801006,16.21,5.85,2/1/2014,1/1/9999
230507,Blouse XXXL Black,701023,901005,801007,16.87,6.09,2/1/2014,1/1/9999
240101,Custom-Fit Regent Shirt XS White,701024,901001,801001,8.85,5.75,3/1/2014,1/1/9999
240102,Custom-Fit Regent Shirt S White,701024,901001,801002,9.36,6.08,3/1/2014,1/1/9999
240103,Custom-Fit Regent Shirt M White,701024,901001,801003,9.45,6.14,3/1/2014,1/1/9999
240104,Custom-Fit Regent Shirt L White,701024,901001,801004,10.34,6.72,3/1/2014,1/1/9999
240105,Custom-Fit Regent Shirt XL White,701024,901001,801005,10.49,6.82,3/1/2014,1/1/9999
240106,Custom-Fit Regent Shirt XXL White,701024,901001,801006,11.28,7.33,3/1/2014,1/1/9999
240107,Custom-Fit Regent Shirt XXXL White,701024,901001,801007,11.81,7.68,3/1/2014,1/1/9999
240201,Custom-Fit Regent Shirt XS Blue,701024,901002,801001,8.82,5.73,3/1/2014,1/1/9999
240202,Custom-Fit Regent Shirt S Blue,701024,901002,801002,9.14,5.94,3/1/2014,1/1/9999
240203,Custom-Fit Regent Shirt M Blue,701024,901002,801003,9.61,6.25,3/1/2014,1/1/9999
240204,Custom-Fit Regent Shirt L Blue,701024,901002,801004,9.83,6.39,3/1/2014,1/1/9999
240205,Custom-Fit Regent Shirt XL Blue,701024,901002,801005,10.41,6.77,3/1/2014,1/1/9999
240206,Custom-Fit Regent Shirt XXL Blue,701024,901002,801006,10.52,6.84,3/1/2014,1/1/9999
240207,Custom-Fit Regent Shirt XXXL Blue,701024,901002,801007,11.64,7.57,3/1/2014,1/1/9999
240301,Custom-Fit Regent Shirt XS Red,701024,901003,801001,8.89,5.78,3/1/2014,1/1/9999
240302,Custom-Fit Regent Shirt S Red,701024,901003,801002,9.23,6.00,3/1/2014,1/1/9999
240303,Custom-Fit Regent Shirt M Red,701024,901003,801003,9.63,6.26,3/1/2014,1/1/9999
240304,Custom-Fit Regent Shirt L Red,701024,901003,801004,10.17,6.61,3/1/2014,1/1/9999
240305,Custom-Fit Regent Shirt XL Red,701024,901003,801005,10.89,7.08,3/1/2014,1/1/9999
240306,Custom-Fit Regent Shirt XXL Red,701024,901003,801006,10.92,7.10,3/1/2014,1/1/9999
240307,Custom-Fit Regent Shirt XXXL Red,701024,901003,801007,11.5,7.48,3/1/2014,1/1/9999
240401,Custom-Fit Regent Shirt XS Green,701024,901004,801001,8.82,5.73,3/1/2014,1/1/9999
240402,Custom-Fit Regent Shirt S Green,701024,901004,801002,9.18,5.97,3/1/2014,1/1/9999
240403,Custom-Fit Regent Shirt M Green,701024,901004,801003,9.69,6.30,3/1/2014,1/1/9999
240404,Custom-Fit Regent Shirt L Green,701024,901004,801004,10.17,6.61,3/1/2014,1/1/9999
240405,Custom-Fit Regent Shirt XL Green,701024,901004,801005,10.74,6.98,3/1/2014,1/1/9999
240406,Custom-Fit Regent Shirt XXL Green,701024,901004,801006,11.09,7.21,3/1/2014,1/1/9999
240407,Custom-Fit Regent Shirt XXXL Green,701024,901004,801007,11.43,7.43,3/1/2014,1/1/9999
240501,Custom-Fit Regent Shirt XS Black,701024,901005,801001,8.77,5.70,3/1/2014,1/1/9999
240502,Custom-Fit Regent Shirt S Black,701024,901005,801002,9.33,6.06,3/1/2014,1/1/9999
240503,Custom-Fit Regent Shirt M Black,701024,901005,801003,9.87,6.42,3/1/2014,1/1/9999
240504,Custom-Fit Regent Shirt L Black,701024,901005,801004,10.13,6.58,3/1/2014,1/1/9999
240505,Custom-Fit Regent Shirt XL Black,701024,901005,801005,10.2,6.63,3/1/2014,1/1/9999
240506,Custom-Fit Regent Shirt XXL Black,701024,901005,801006,11.2,7.28,3/1/2014,1/1/9999
240507,Custom-Fit Regent Shirt XXXL Black,701024,901005,801007,11.53,7.49,3/1/2014,1/1/9999
