Product ID,Year,Standard Cost,Unit Cost - Material,Unit Cost - Labor,Unit Cost - Overhead
110101,2013,4.74,1.80,1.71,1.23
110101,2014,5.30,2.15,1.95,1.2
110102,2013,4.97,1.91,1.71,1.35
110102,2014,5.49,2.16,1.86,1.47
110103,2013,5.15,2.21,1.81,1.13
110103,2014,5.58,2.08,2.03,1.47
110104,2013,5.38,2.20,1.80,1.38
110104,2014,6.00,2.57,2.21,1.22
110105,2013,5.49,2.03,1.97,1.49
110105,2014,6.12,2.36,2.13,1.63
110106,2013,6.05,2.27,2.05,1.73
110106,2014,6.72,2.54,2.31,1.87
110107,2013,5.84,2.37,2.15,1.32
110107,2014,6.46,2.51,2.18,1.77
110201,2013,4.78,1.91,1.63,1.24
110201,2014,5.34,2.04,1.96,1.34
110202,2013,5.06,1.95,1.75,1.36
110202,2014,5.56,2.14,1.89,1.53
110203,2013,5.35,1.99,1.95,1.41
110203,2014,5.85,2.27,2.12,1.46
110204,2013,5.52,2.29,1.89,1.34
110204,2014,6.03,2.47,2.00,1.56
110205,2013,5.69,2.24,2.03,1.42
110205,2014,6.32,2.40,2.18,1.74
110206,2013,5.91,2.35,2.08,1.48
110206,2014,6.55,2.45,2.28,1.82
110207,2013,6.15,2.41,2.09,1.65
110207,2014,6.71,2.76,2.31,1.64
110301,2013,4.73,1.85,1.63,1.25
110301,2014,5.29,1.96,1.78,1.55
110302,2013,4.95,1.87,1.65,1.43
110302,2014,5.51,2.16,1.90,1.45
110303,2013,5.26,2.25,1.80,1.21
110303,2014,5.86,2.19,2.01,1.66
110304,2013,5.36,2.28,1.82,1.26
110304,2014,5.93,2.49,2.17,1.27
110305,2013,5.50,2.21,2.01,1.28
110305,2014,5.97,2.35,2.12,1.5
110306,2013,5.69,2.40,1.97,1.32
110306,2014,6.21,2.57,2.29,1.35
110307,2013,6.17,2.64,2.13,1.4
110307,2014,6.72,2.82,2.46,1.44
110401,2013,4.72,1.86,1.57,1.29
110401,2014,5.26,2.10,1.89,1.27
110402,2013,5.02,2.10,1.74,1.18
110402,2014,5.47,2.31,1.98,1.18
110403,2013,5.18,2.03,1.82,1.33
110403,2014,5.76,2.37,2.03,1.36
110404,2013,5.37,2.27,1.92,1.18
110404,2014,5.99,2.32,2.08,1.59
110405,2013,5.77,2.15,2.07,1.55
110405,2014,6.24,2.61,2.12,1.51
110406,2013,5.91,2.51,2.13,1.27
110406,2014,6.49,2.71,2.27,1.51
110407,2013,6.27,2.60,2.15,1.52
110407,2014,6.91,2.69,2.51,1.71
110501,2013,4.73,2.01,1.58,1.14
110501,2014,5.19,2.17,1.90,1.12
110502,2013,5.08,2.15,1.82,1.11
110502,2014,5.53,2.08,1.87,1.58
110503,2013,5.28,2.03,1.81,1.44
110503,2014,5.72,2.38,2.11,1.23
110504,2013,5.33,2.16,1.88,1.29
110504,2014,5.94,2.34,2.17,1.43
110505,2013,5.51,2.26,1.99,1.26
110505,2014,6.14,2.38,2.12,1.64
110506,2013,5.80,2.20,2.14,1.46
110506,2014,6.36,2.37,2.31,1.68
110507,2013,6.38,2.42,2.25,1.71
110507,2014,6.95,2.82,2.45,1.68
120101,2013,6.35,2.54,2.21,1.6
120101,2014,7,2.97,2.31,1.72
120102,2013,6.60,2.73,2.22,1.65
120102,2014,7.17,2.81,2.60,1.76
120103,2013,6.83,2.85,2.33,1.65
120103,2014,7.6,3.14,2.62,1.84
120104,2013,7.08,2.72,2.43,1.93
120104,2014,7.8,2.94,2.81,2.05
120105,2013,7.44,3.00,2.51,1.93
120105,2014,8.09,3.07,2.87,2.15
120106,2013,7.70,2.99,2.55,2.16
120106,2014,8.33,3.29,3.01,2.03
120107,2013,8.43,3.14,2.89,2.4
120107,2014,9.19,3.72,3.20,2.27
120201,2013,6.30,2.65,2.22,1.43
120201,2014,7,2.99,2.40,1.61
120202,2013,6.72,2.64,2.26,1.82
120202,2014,7.53,2.86,2.78,1.89
120203,2013,6.91,2.85,2.38,1.68
120203,2014,7.49,2.78,2.68,2.03
120204,2013,7.42,2.86,2.47,2.09
120204,2014,8.03,3.31,2.65,2.07
120205,2013,7.51,3.07,2.67,1.77
120205,2014,8.14,3.50,2.96,1.68
120206,2013,7.55,3.07,2.56,1.92
120206,2014,8.25,3.48,3.02,1.75
120207,2013,8.14,3.09,3.01,2.04
120207,2014,8.88,3.75,3.16,1.97
120301,2013,6.38,2.55,2.34,1.49
120301,2014,7.04,3.02,2.46,1.56
120302,2013,6.63,2.60,2.36,1.67
120302,2014,7.34,3.11,2.56,1.67
120303,2013,6.93,2.93,2.32,1.68
120303,2014,7.69,3.12,2.58,1.99
120304,2013,7.15,2.85,2.55,1.75
120304,2014,7.86,3.25,2.76,1.85
120305,2013,7.45,2.97,2.75,1.73
120305,2014,8.14,3.36,2.72,2.06
120306,2013,8.03,3.03,2.71,2.29
120306,2014,8.93,3.43,3.29,2.21
120307,2013,7.98,3.17,2.88,1.93
120307,2014,8.72,3.74,3.08,1.9
120401,2013,6.37,2.74,2.29,1.34
120401,2014,6.96,2.62,2.43,1.91
120402,2013,6.67,2.75,2.45,1.47
120402,2014,7.23,2.70,2.44,2.09
120403,2013,6.92,2.67,2.33,1.92
120403,2014,7.63,2.98,2.77,1.88
120404,2013,7.27,3.06,2.43,1.78
120404,2014,8.13,3.25,2.78,2.1
120405,2013,7.25,3.03,2.53,1.69
120405,2014,7.89,3.02,2.81,2.06
120406,2013,8.14,3.06,2.82,2.26
120406,2014,8.97,3.51,3.09,2.37
120407,2013,8.11,3.06,2.75,2.3
120407,2014,8.82,3.74,3.07,2.01
120501,2013,6.34,2.56,2.17,1.61
120501,2014,7.08,2.82,2.39,1.87
120502,2013,6.74,2.57,2.41,1.76
120502,2014,7.44,2.82,2.64,1.98
120503,2013,6.98,3.00,2.37,1.61
120503,2014,7.72,3.20,2.68,1.84
120504,2013,7.17,2.86,2.58,1.73
120504,2014,7.96,3.28,2.77,1.91
120505,2013,7.75,3.30,2.74,1.71
120505,2014,8.62,3.64,3.13,1.85
120506,2013,7.49,3.09,2.67,1.73
120506,2014,8.25,3.41,2.99,1.85
120507,2013,8.43,3.55,2.99,1.89
120507,2014,9.32,3.56,3.11,2.65
130101,2013,9.31,3.73,3.24,2.34
130101,2014,10.28,3.93,3.56,2.79
130102,2013,9.69,3.63,3.30,2.76
130102,2014,10.66,4.10,3.58,2.98
130103,2013,9.98,4.19,3.46,2.33
130103,2014,11.06,4.67,3.84,2.55
130104,2013,10.70,4.11,3.57,3.02
130104,2014,11.98,4.63,4.02,3.33
130105,2013,10.84,4.21,3.80,2.83
130105,2014,11.75,4.83,4.19,2.73
130106,2013,12.00,4.76,4.11,3.13
130106,2014,13.13,5.51,4.49,3.13
130107,2013,12.13,4.76,4.07,3.3
130107,2014,13.56,5.05,4.69,3.82
130201,2013,9.28,3.92,3.38,1.98
130201,2014,10.21,4.18,3.69,2.34
130202,2013,9.63,3.93,3.25,2.45
130202,2014,10.54,4.35,3.54,2.65
130203,2013,10.45,3.96,3.64,2.85
130203,2014,11.3,4.56,3.75,2.99
130204,2013,10.39,4.12,3.60,2.67
130204,2014,11.48,4.48,4.22,2.78
130205,2013,11.08,4.22,3.67,3.19
130205,2014,12.27,4.64,4.38,3.25
130206,2013,11.17,4.80,3.75,2.62
130206,2014,12.11,4.77,4.06,3.28
130207,2013,12.53,5.34,4.24,2.95
130207,2014,13.95,5.33,5.03,3.59
130301,2013,9.33,3.73,3.12,2.48
130301,2014,10.29,3.91,3.57,2.81
130302,2013,9.73,4.05,3.34,2.34
130302,2014,10.77,4.02,3.87,2.88
130303,2013,10.10,4.30,3.43,2.37
130303,2014,10.93,4.62,4.03,2.28
130304,2013,10.51,4.23,3.88,2.4
130304,2014,11.59,4.52,4.19,2.88
130305,2013,11.28,4.68,4.11,2.49
130305,2014,12.23,4.79,4.24,3.2
130306,2013,12.08,5.03,4.33,2.72
130306,2014,13.09,5.43,4.34,3.32
130307,2013,12.52,5.28,4.26,2.98
130307,2014,13.7,5.61,4.87,3.22
130401,2013,9.33,3.93,3.27,2.13
130401,2014,10.33,4.21,3.71,2.41
130402,2013,9.66,4.07,3.34,2.25
130402,2014,10.73,4.21,3.55,2.97
130403,2013,10.46,4.14,3.73,2.59
130403,2014,11.56,4.96,4.09,2.51
130404,2013,10.81,4.58,3.73,2.5
130404,2014,11.99,4.97,4.42,2.6
130405,2013,10.67,4.08,3.92,2.67
130405,2014,11.88,5.08,4.03,2.77
130406,2013,12.03,4.50,4.45,3.08
130406,2014,13.39,5.74,4.72,2.93
130407,2013,11.83,4.99,4.00,2.84
130407,2014,12.87,5.15,4.36,3.36
130501,2013,9.28,3.46,3.33,2.49
130501,2014,10.16,4.28,3.66,2.22
130502,2013,9.89,3.89,3.27,2.73
130502,2014,10.83,4.14,4.01,2.68
130503,2013,10.23,4.31,3.66,2.26
130503,2014,11.2,4.24,3.91,3.05
130504,2013,10.47,4.28,3.54,2.65
130504,2014,11.33,4.27,4.13,2.93
130505,2013,11.44,4.51,4.11,2.82
130505,2014,12.38,4.73,4.11,3.54
130506,2013,11.77,5.05,4.08,2.64
130506,2014,13.11,4.93,4.44,3.74
130507,2013,11.63,4.78,3.89,2.96
130507,2014,13.02,5.01,4.55,3.46
140101,2013,4.46,1.67,1.58,1.21
140101,2014,4.88,1.92,1.75,1.21
140102,2013,4.72,1.77,1.61,1.34
140102,2014,5.22,2.08,1.87,1.27
140103,2013,4.99,1.97,1.81,1.21
140103,2014,5.51,2.10,1.91,1.5
140104,2013,5.20,2.06,1.75,1.39
140104,2014,5.74,2.27,1.90,1.57
140105,2013,5.27,2.08,1.92,1.27
140105,2014,5.82,2.17,2.12,1.53
140106,2013,5.56,2.37,2.04,1.15
140106,2014,6.19,2.66,2.12,1.41
140107,2013,5.76,2.43,1.97,1.36
140107,2014,6.23,2.45,2.25,1.53
140201,2013,4.43,1.70,1.63,1.1
140201,2014,4.84,2.00,1.68,1.16
140202,2013,4.68,1.88,1.64,1.16
140202,2014,5.20,2.11,1.81,1.28
140203,2013,4.84,1.93,1.79,1.12
140203,2014,5.35,2.22,1.96,1.17
140204,2013,4.91,2.05,1.62,1.24
140204,2014,5.46,2.15,1.81,1.5
140205,2013,5.33,2.28,1.76,1.29
140205,2014,5.87,2.34,2.01,1.52
140206,2013,5.38,2.16,1.87,1.35
140206,2014,5.85,2.32,1.95,1.58
140207,2013,5.63,2.39,1.90,1.34
140207,2014,6.21,2.31,2.06,1.84
140301,2013,4.42,1.81,1.53,1.08
140301,2014,4.93,2.03,1.73,1.17
140302,2013,4.71,1.82,1.57,1.32
140302,2014,5.26,2.13,1.89,1.24
140303,2013,4.96,1.99,1.68,1.29
140303,2014,5.50,2.28,1.99,1.23
140304,2013,5.24,2.19,1.93,1.12
140304,2014,5.68,2.18,1.91,1.59
140305,2013,5.31,2.04,1.86,1.41
140305,2014,5.86,2.48,1.95,1.43
140306,2013,5.67,2.10,1.91,1.66
140306,2014,6.17,2.33,2.18,1.66
140307,2013,5.98,2.46,2.20,1.32
140307,2014,6.69,2.59,2.41,1.69
140401,2013,4.40,1.73,1.59,1.08
140401,2014,4.83,2.01,1.74,1.08
140402,2013,4.66,1.93,1.63,1.1
140402,2014,5.11,2.12,1.78,1.21
140403,2013,4.81,1.90,1.73,1.18
140403,2014,5.38,2.05,1.97,1.36
140404,2013,5.18,2.08,1.76,1.34
140404,2014,5.63,2.25,1.87,1.51
140405,2013,5.13,1.99,1.84,1.3
140405,2014,5.67,2.13,1.97,1.57
140406,2013,5.73,2.14,1.90,1.69
140406,2014,6.29,2.58,2.23,1.48
140407,2013,5.81,2.38,2.06,1.37
140407,2014,6.41,2.73,2.12,1.56
140501,2013,4.46,1.68,1.52,1.26
140501,2014,4.86,1.95,1.71,1.2
140502,2013,4.67,1.77,1.59,1.31
140502,2014,5.16,1.95,1.78,1.43
140503,2013,4.93,1.83,1.64,1.46
140503,2014,5.44,2.21,1.84,1.39
140504,2013,4.91,2.02,1.62,1.27
140504,2014,5.38,2.15,1.82,1.41
140505,2013,5.46,2.06,1.88,1.52
140505,2014,6.09,2.51,2.07,1.51
140506,2013,5.46,2.17,1.97,1.32
140506,2014,5.97,2.47,2.15,1.35
140507,2013,5.63,2.28,1.93,1.42
140507,2014,6.28,2.36,2.18,1.74
150101,2013,5.66,2.24,1.89,1.53
150101,2014,6.25,2.36,2.11,1.78
150102,2013,5.78,2.17,1.98,1.63
150102,2014,6.30,2.53,2.27,1.5
150103,2013,6.15,2.53,2.09,1.53
150103,2014,6.7,2.56,2.29,1.85
150104,2013,6.40,2.56,2.26,1.58
150104,2014,7.11,3.04,2.63,1.44
150105,2013,6.66,2.65,2.40,1.61
150105,2014,7.23,2.88,2.53,1.82
150106,2013,6.71,2.83,2.44,1.44
150106,2014,7.27,2.85,2.68,1.74
150107,2013,7.26,3.02,2.42,1.82
150107,2014,8.02,3.29,2.86,1.87
150201,2013,5.60,2.35,1.91,1.34
150201,2014,6.19,2.34,2.15,1.7
150202,2013,5.84,2.37,2.09,1.38
150202,2014,6.53,2.66,2.23,1.64
150203,2013,6.28,2.64,2.17,1.47
150203,2014,6.85,2.75,2.48,1.62
150204,2013,6.61,2.49,2.23,1.89
150204,2014,7.27,2.84,2.66,1.77
150205,2013,6.48,2.47,2.38,1.63
150205,2014,7.1,2.65,2.50,1.95
150206,2013,7.13,2.93,2.39,1.81
150206,2014,7.78,2.93,2.62,2.23
150207,2013,7.40,2.99,2.49,1.92
150207,2014,8.17,3.06,2.70,2.41
150301,2013,5.57,2.33,1.92,1.32
150301,2014,6.21,2.41,2.20,1.6
150302,2013,5.86,2.39,1.94,1.53
150302,2014,6.43,2.71,2.28,1.44
150303,2013,6.28,2.63,2.16,1.49
150303,2014,6.93,2.57,2.31,2.05
150304,2013,6.33,2.67,2.19,1.47
150304,2014,6.92,2.95,2.33,1.64
150305,2013,6.72,2.57,2.41,1.74
150305,2014,7.39,2.79,2.45,2.15
150306,2013,6.76,2.62,2.25,1.89
150306,2014,7.5,2.78,2.69,2.03
150307,2013,7.03,2.91,2.45,1.67
150307,2014,7.66,3.06,2.78,1.82
150401,2013,5.61,2.19,2.06,1.36
150401,2014,6.13,2.47,2.16,1.5
150402,2013,5.86,2.17,2.01,1.68
150402,2014,6.5,2.74,2.24,1.52
150403,2013,6.19,2.34,2.23,1.62
150403,2014,6.71,2.71,2.43,1.57
150404,2013,6.60,2.64,2.41,1.55
150404,2014,7.19,2.90,2.39,1.9
150405,2013,6.81,2.60,2.46,1.75
150405,2014,7.36,2.92,2.68,1.76
150406,2013,6.86,2.62,2.53,1.71
150406,2014,7.66,2.85,2.72,2.09
150407,2013,7.52,3.16,2.77,1.59
150407,2014,8.23,3.39,2.78,2.06
150501,2013,5.66,2.33,1.99,1.34
150501,2014,6.18,2.35,2.25,1.58
150502,2013,5.86,2.19,2.04,1.63
150502,2014,6.35,2.48,2.32,1.55
150503,2013,6.03,2.34,2.05,1.64
150503,2014,6.62,2.57,2.19,1.86
150504,2013,6.27,2.64,2.08,1.55
150504,2014,6.81,2.80,2.35,1.66
150505,2013,6.88,2.83,2.44,1.61
150505,2014,7.64,3.21,2.60,1.83
150506,2013,7.23,2.96,2.61,1.66
150506,2014,7.96,3.24,2.65,2.07
150507,2013,7.46,3.12,2.55,1.79
150507,2014,8.11,3.04,2.80,2.27
160101,2013,14.55,6.01,5.00,3.54
160101,2014,15.82,6.29,5.77,3.76
160102,2013,15.38,5.78,5.26,4.34
160102,2014,16.9,7.05,5.93,3.92
160103,2013,15.96,6.21,5.59,4.16
160103,2014,17.63,7.54,6.35,3.74
160104,2013,16.39,6.87,6.00,3.52
160104,2014,18.35,6.79,6.14,5.42
160105,2013,17.74,6.65,5.91,5.18
160105,2014,19.72,7.82,6.91,4.99
160106,2013,18.61,7.82,6.41,4.38
160106,2014,20.73,8.85,7.12,4.76
160107,2013,18.05,7.13,6.32,4.6
160107,2014,19.9,7.92,6.99,4.99
160201,2013,14.62,5.92,5.14,3.56
160201,2014,16.3,6.81,5.66,3.83
160202,2013,14.92,5.95,5.27,3.7
160202,2014,16.12,6.50,5.52,4.1
160203,2013,16.13,6.82,5.37,3.94
160203,2014,17.67,6.85,6.46,4.36
160204,2013,16.51,7.00,5.88,3.63
160204,2014,18.45,7.01,6.17,5.27
160205,2013,17.79,6.75,6.01,5.03
160205,2014,19.54,7.38,7.21,4.95
160206,2013,18.30,7.31,6.66,4.33
160206,2014,20.23,7.97,7.36,4.9
160207,2013,17.83,6.88,6.31,4.64
160207,2014,19.38,7.90,6.68,4.8
160301,2013,14.63,5.66,5.18,3.79
160301,2014,15.89,6.74,5.73,3.42
160302,2013,15.46,6.61,5.14,3.71
160302,2014,16.71,7.15,5.80,3.76
160303,2013,15.94,6.41,5.33,4.2
160303,2014,17.35,6.73,6.08,4.54
160304,2013,16.75,6.87,6.18,3.7
160304,2014,18.68,7.23,6.40,5.05
160305,2013,16.69,6.98,5.84,3.87
160305,2014,18.05,7.44,6.19,4.42
160306,2013,17.88,6.66,6.27,4.95
160306,2014,19.71,7.89,6.63,5.19
160307,2013,17.98,6.75,6.49,4.74
160307,2014,20.02,7.91,6.97,5.14
160401,2013,14.52,5.45,5.04,4.03
160401,2014,16.19,6.60,5.95,3.64
160402,2013,15.34,6.22,5.27,3.85
160402,2014,16.77,6.68,5.64,4.45
160403,2013,15.72,6.60,5.43,3.69
160403,2014,17.19,7.17,5.79,4.23
160404,2013,16.49,7.06,5.80,3.63
160404,2014,18.11,7.43,6.53,4.15
160405,2013,17.48,6.98,6.04,4.46
160405,2014,19.17,7.75,6.80,4.62
160406,2013,17.55,6.70,6.01,4.84
160406,2014,19.53,7.56,6.83,5.14
160407,2013,17.96,7.42,6.45,4.09
160407,2014,19.9,7.63,6.68,5.59
160501,2013,14.49,5.75,5.22,3.52
160501,2014,15.85,6.45,5.72,3.68
160502,2013,15.34,5.73,5.20,4.41
160502,2014,16.72,6.25,5.67,4.8
160503,2013,15.90,6.35,5.56,3.99
160503,2014,17.37,7.26,6.39,3.72
160504,2013,16.10,6.91,5.53,3.66
160504,2014,17.42,6.93,6.32,4.17
160505,2013,17.08,6.59,6.29,4.2
160505,2014,18.91,7.85,6.90,4.16
160506,2013,18.01,7.68,6.53,3.8
160506,2014,19.57,7.73,6.47,5.37
160507,2013,18.45,7.12,6.52,4.81
160507,2014,20.36,8.17,7.00,5.19
170101,2013,4.44,1.69,1.62,1.13
170101,2014,4.90,1.93,1.66,1.31
170102,2013,4.66,1.89,1.59,1.18
170102,2014,5.17,2.15,1.77,1.25
170103,2013,4.93,1.89,1.79,1.25
170103,2014,5.51,2.33,1.85,1.33
170104,2013,5.03,2.03,1.82,1.18
170104,2014,5.49,2.26,1.87,1.36
170105,2013,5.14,1.90,1.73,1.51
170105,2014,5.68,2.34,1.88,1.46
170106,2013,5.49,2.06,1.83,1.6
170106,2014,5.96,2.29,1.97,1.7
170107,2013,5.87,2.27,2.16,1.44
170107,2014,6.34,2.58,2.14,1.62
170201,2013,4.49,1.86,1.63,1
170201,2014,5.01,1.89,1.77,1.35
170202,2013,4.61,1.89,1.57,1.15
170202,2014,4.99,1.96,1.67,1.36
170203,2013,4.94,2.06,1.65,1.23
170203,2014,5.50,2.12,1.99,1.39
170204,2013,5.09,1.97,1.73,1.39
170204,2014,5.58,2.18,1.89,1.51
170205,2013,5.23,2.11,1.75,1.37
170205,2014,5.72,2.35,1.92,1.45
170206,2013,5.36,2.11,1.79,1.46
170206,2014,5.96,2.50,1.98,1.48
170207,2013,5.81,2.39,2.02,1.4
170207,2014,6.49,2.55,2.28,1.66
170301,2013,4.47,1.90,1.48,1.09
170301,2014,4.96,2.13,1.80,1.03
170302,2013,4.71,1.99,1.73,0.99
170302,2014,5.26,2.21,1.75,1.3
170303,2013,5.01,1.86,1.70,1.45
170303,2014,5.6,2.22,1.92,1.46
170304,2013,5.19,2.02,1.79,1.38
170304,2014,5.71,2.41,2.03,1.27
170305,2013,5.22,2.21,1.72,1.29
170305,2014,5.74,2.31,2.07,1.36
170306,2013,5.56,2.12,1.96,1.48
170306,2014,6.04,2.46,2.14,1.44
170307,2013,5.94,2.32,2.14,1.48
170307,2014,6.61,2.84,2.36,1.41
170401,2013,4.45,1.89,1.51,1.05
170401,2014,4.84,2.04,1.66,1.14
170402,2013,4.70,1.76,1.63,1.31
170402,2014,5.12,2.16,1.72,1.24
170403,2013,4.97,1.88,1.65,1.44
170403,2014,5.41,2.04,1.85,1.52
170404,2013,5.15,2.10,1.77,1.28
170404,2014,5.66,2.15,2.04,1.47
170405,2013,5.14,2.14,1.85,1.15
170405,2014,5.6,2.32,2.07,1.21
170406,2013,5.48,2.28,2.00,1.2
170406,2014,5.99,2.22,2.10,1.67
170407,2013,5.85,2.24,2.12,1.49
170407,2014,6.38,2.38,2.17,1.83
170501,2013,4.45,1.66,1.51,1.28
170501,2014,4.95,1.94,1.78,1.23
170502,2013,4.73,1.79,1.65,1.29
170502,2014,5.12,2.11,1.80,1.21
170503,2013,4.96,2.10,1.75,1.11
170503,2014,5.53,2.34,1.94,1.25
170504,2013,4.97,1.98,1.71,1.28
170504,2014,5.44,2.29,1.92,1.23
170505,2013,5.45,2.10,1.85,1.5
170505,2014,6.09,2.39,2.24,1.46
170506,2013,5.61,2.32,2.06,1.23
170506,2014,6.21,2.63,2.16,1.42
170507,2013,6.03,2.56,2.15,1.32
170507,2014,6.53,2.49,2.37,1.67
180101,2013,5.06,2.02,1.83,1.21
180101,2014,5.48,2.28,1.90,1.3
180102,2013,5.34,2.17,1.97,1.2
180102,2014,5.96,2.42,2.17,1.37
180103,2013,5.42,2.27,1.81,1.34
180103,2014,5.95,2.31,2.04,1.6
180104,2013,5.58,2.39,1.85,1.34
180104,2014,6.03,2.55,1.99,1.49
180105,2013,6.09,2.45,2.08,1.56
180105,2014,6.58,2.49,2.36,1.73
180106,2013,6.02,2.40,2.06,1.56
180106,2014,6.57,2.64,2.38,1.55
180107,2013,6.53,2.79,2.18,1.56
180107,2014,7.29,2.93,2.55,1.81
180201,2013,5.00,2.08,1.73,1.19
180201,2014,5.54,2.21,1.97,1.36
180202,2013,5.20,2.07,1.79,1.34
180202,2014,5.63,2.33,2.03,1.27
180203,2013,5.38,2.27,1.98,1.13
180203,2014,5.85,2.40,1.99,1.46
180204,2013,5.84,2.20,2.00,1.64
180204,2014,6.45,2.42,2.28,1.75
180205,2013,5.94,2.36,2.02,1.56
180205,2014,6.57,2.49,2.20,1.88
180206,2013,6.51,2.56,2.15,1.8
180206,2014,7.25,2.94,2.66,1.65
180207,2013,6.75,2.72,2.48,1.55
180207,2014,7.45,2.80,2.66,1.99
180301,2013,5.03,2.02,1.72,1.29
180301,2014,5.45,2.20,1.97,1.28
180302,2013,5.18,2.04,1.87,1.27
180302,2014,5.66,2.19,1.92,1.55
180303,2013,5.63,2.33,2.00,1.3
180303,2014,6.16,2.52,2.22,1.42
180304,2013,5.75,2.17,1.90,1.68
180304,2014,6.41,2.70,2.37,1.34
180305,2013,5.88,2.25,2.00,1.63
180305,2014,6.48,2.74,2.32,1.42
180306,2013,6.30,2.60,2.19,1.51
180306,2014,6.84,2.75,2.35,1.74
180307,2013,6.17,2.29,2.06,1.82
180307,2014,6.66,2.74,2.26,1.66
180401,2013,5.03,2.15,1.82,1.06
180401,2014,5.48,2.22,1.89,1.37
180402,2013,5.36,2.25,1.82,1.29
180402,2014,5.81,2.39,1.97,1.45
180403,2013,5.37,2.00,1.83,1.54
180403,2014,5.89,2.28,1.97,1.64
180404,2013,5.87,2.45,2.06,1.36
180404,2014,6.36,2.45,2.20,1.71
180405,2013,5.86,2.35,1.97,1.54
180405,2014,6.35,2.63,2.21,1.51
180406,2013,6.02,2.38,2.19,1.45
180406,2014,6.51,2.43,2.35,1.73
180407,2013,6.30,2.42,2.16,1.72
180407,2014,6.94,2.91,2.29,1.74
180501,2013,4.99,2.07,1.70,1.22
180501,2014,5.56,2.26,1.86,1.44
180502,2013,5.29,2.21,1.93,1.15
180502,2014,5.83,2.38,2.01,1.44
180503,2013,5.55,2.17,1.96,1.42
180503,2014,6.2,2.45,2.24,1.51
180504,2013,5.71,2.31,1.94,1.46
180504,2014,6.30,2.68,2.25,1.37
180505,2013,6.16,2.52,2.11,1.53
180505,2014,6.67,2.60,2.28,1.79
180506,2013,6.13,2.42,2.15,1.56
180506,2014,6.85,2.68,2.51,1.66
180507,2013,6.37,2.68,2.28,1.41
180507,2014,6.94,2.79,2.39,1.76
190101,2013,10.51,4.36,3.62,2.53
190101,2014,11.52,4.49,3.81,3.22
190102,2013,11.12,4.65,3.85,2.62
190102,2014,12.14,4.80,4.33,3.01
190103,2013,11.28,4.69,4.05,2.54
190103,2014,12.36,4.71,4.27,3.38
190104,2013,12.06,4.51,4.24,3.31
190104,2014,13.39,5.25,4.52,3.62
190105,2013,12.11,4.77,4.36,2.98
190105,2014,13.39,5.07,4.72,3.6
190106,2013,13.00,5.59,4.50,2.91
190106,2014,14.22,5.96,4.92,3.34
190107,2013,14.14,5.26,5.01,3.87
190107,2014,15.82,6.01,5.81,4
190201,2013,10.53,4.29,3.67,2.57
190201,2014,11.59,4.85,4.09,2.65
190202,2013,10.87,4.04,3.76,3.07
190202,2014,11.86,4.42,4.21,3.23
190203,2013,11.76,5.04,4.20,2.52
190203,2014,13.09,5.02,4.55,3.52
190204,2013,11.94,4.93,4.11,2.9
190204,2014,12.96,5.29,4.50,3.17
190205,2013,12.41,4.91,4.40,3.1
190205,2014,13.76,5.55,4.68,3.53
190206,2013,13.53,5.71,4.58,3.24
190206,2014,14.87,5.81,5.40,3.66
190207,2013,14.07,6.02,4.99,3.06
190207,2014,15.4,5.92,5.36,4.12
190301,2013,10.51,4.10,3.85,2.56
190301,2014,11.64,4.79,4.25,2.6
190302,2013,10.86,4.21,3.78,2.87
190302,2014,12.09,4.53,4.35,3.21
190303,2013,11.61,4.46,4.14,3.01
190303,2014,12.71,4.99,4.64,3.08
190304,2013,12.14,4.87,4.47,2.8
190304,2014,13.49,5.35,4.92,3.22
190305,2013,12.06,5.17,4.16,2.73
190305,2014,13.31,5.24,4.74,3.33
190306,2013,12.80,5.19,4.45,3.16
190306,2014,13.92,5.45,4.60,3.87
190307,2013,13.99,5.79,4.89,3.31
190307,2014,15.6,6.31,5.35,3.94
190401,2013,10.56,4.53,3.79,2.24
190401,2014,11.47,4.66,3.92,2.89
190402,2013,11.12,4.27,4.07,2.78
190402,2014,12.28,5.02,4.52,2.74
190403,2013,11.75,4.44,3.96,3.35
190403,2014,13.12,4.93,4.75,3.44
190404,2013,11.90,4.53,4.27,3.1
190404,2014,13.00,4.89,4.51,3.6
190405,2013,12.54,5.38,4.35,2.81
190405,2014,13.89,5.46,4.98,3.45
190406,2013,12.62,5.19,4.24,3.19
190406,2014,13.84,5.49,4.88,3.47
190407,2013,13.48,5.10,4.59,3.79
190407,2014,14.91,5.87,5.51,3.53
190501,2013,10.53,4.02,3.84,2.67
190501,2014,11.37,4.59,3.80,2.98
190502,2013,11.11,4.31,3.94,2.86
190502,2014,12.11,4.51,4.22,3.38
190503,2013,11.32,4.56,4.01,2.75
190503,2014,12.27,5.19,4.33,2.75
190504,2013,11.66,4.53,4.10,3.03
190504,2014,12.69,5.29,4.63,2.77
190505,2013,12.47,4.64,4.58,3.25
190505,2014,13.52,5.38,4.50,3.64
190506,2013,12.89,5.08,4.48,3.33
190506,2014,14.07,5.60,4.80,3.67
190507,2013,13.56,5.16,4.96,3.44
190507,2014,14.99,5.60,5.20,4.19
200101,2013,6.78,2.80,2.28,1.7
200101,2014,7.45,2.79,2.68,1.98
200102,2013,7.23,2.94,2.63,1.66
200102,2014,7.95,3.04,2.92,1.99
200103,2013,7.55,3.08,2.67,1.8
200103,2014,8.28,3.43,2.98,1.87
200104,2013,7.82,2.91,2.72,2.19
200104,2014,8.46,3.50,3.01,1.95
200105,2013,7.98,3.03,2.90,2.05
200105,2014,8.76,3.31,3.02,2.43
200106,2013,8.24,3.39,2.72,2.13
200106,2014,9.17,3.81,3.38,1.98
200107,2013,8.41,3.34,2.93,2.14
200107,2014,9.34,3.50,3.15,2.69
200201,2013,6.87,2.59,2.45,1.83
200201,2014,7.63,3.19,2.54,1.9
200202,2013,7.24,2.79,2.43,2.02
200202,2014,7.89,2.99,2.90,2
200203,2013,7.33,2.95,2.66,1.72
200203,2014,7.98,3.24,2.80,1.94
200204,2013,7.69,3.04,2.84,1.81
200204,2014,8.52,3.51,2.94,2.07
200205,2013,8.03,3.41,2.82,1.8
200205,2014,8.79,3.41,3.04,2.34
200206,2013,8.20,3.20,2.73,2.27
200206,2014,9.06,3.74,3.11,2.21
200207,2013,9.06,3.67,3.03,2.36
200207,2014,9.87,3.81,3.33,2.73
200301,2013,6.90,2.57,2.42,1.91
200301,2014,7.64,3.21,2.61,1.82
200302,2013,7.27,2.80,2.52,1.95
200302,2014,8.12,3.34,2.94,1.84
200303,2013,7.39,2.74,2.46,2.19
200303,2014,8.06,3.01,2.97,2.08
200304,2013,7.85,3.35,2.76,1.74
200304,2014,8.58,3.51,2.94,2.13
200305,2013,8.44,3.39,3.05,2
200305,2014,9.31,3.83,3.12,2.36
200306,2013,8.18,3.17,2.81,2.2
200306,2014,8.88,3.40,3.10,2.38
200307,2013,8.36,3.23,2.86,2.27
200307,2014,9.28,3.59,3.36,2.33
200401,2013,6.84,2.79,2.34,1.71
200401,2014,7.49,3.08,2.54,1.87
200402,2013,7.24,2.93,2.54,1.77
200402,2014,8.05,3.33,2.75,1.97
200403,2013,7.39,2.86,2.45,2.08
200403,2014,8.04,3.39,2.73,1.92
200404,2013,7.61,3.00,2.71,1.9
200404,2014,8.37,3.55,3.00,1.82
200405,2013,7.84,3.34,2.65,1.85
200405,2014,8.67,3.55,2.97,2.15
200406,2013,8.55,3.22,3.01,2.32
200406,2014,9.44,3.67,3.42,2.35
200407,2013,9.05,3.36,3.12,2.57
200407,2014,9.78,3.96,3.41,2.41
200501,2013,6.88,2.62,2.27,1.99
200501,2014,7.56,2.92,2.73,1.91
200502,2013,7.14,2.64,2.36,2.14
200502,2014,7.79,3.17,2.58,2.04
200503,2013,7.62,2.85,2.60,2.17
200503,2014,8.51,3.28,2.91,2.32
200504,2013,7.72,3.02,2.74,1.96
200504,2014,8.48,3.26,2.93,2.29
200505,2013,8.04,3.06,2.72,2.26
200505,2014,8.96,3.52,3.00,2.44
200506,2013,8.12,3.32,2.99,1.81
200506,2014,8.83,3.40,3.26,2.17
200507,2013,8.48,3.42,2.86,2.2
200507,2014,9.22,3.64,3.35,2.23
210101,2013,2.23,0.86,0.79,0.58
210101,2014,2.46,0.93,0.88,0.65
210102,2013,2.30,0.86,0.85,0.59
210102,2014,2.52,1.05,0.91,0.56
210103,2013,2.41,0.96,0.83,0.62
210103,2014,2.69,1.08,0.98,0.63
210104,2013,2.58,1.08,0.87,0.63
210104,2014,2.86,1.09,1.04,0.73
210105,2013,2.59,1.09,0.94,0.56
210105,2014,2.87,1.18,1.02,0.67
210106,2013,2.84,1.20,0.94,0.7
210106,2014,3.1,1.23,1.12,0.75
210107,2013,2.81,1.20,0.93,0.68
210107,2014,3.08,1.22,1.04,0.82
210201,2013,2.22,0.94,0.79,0.49
210201,2014,2.44,1.04,0.88,0.52
210202,2013,2.34,0.89,0.83,0.62
210202,2014,2.57,1.04,0.86,0.67
210203,2013,2.45,0.93,0.85,0.67
210203,2014,2.66,1.13,0.97,0.56
210204,2013,2.62,1.12,0.94,0.56
210204,2014,2.93,1.17,0.99,0.77
210205,2013,2.64,1.05,0.91,0.68
210205,2014,2.86,1.16,0.98,0.72
210206,2013,2.73,1.12,0.92,0.69
210206,2014,2.98,1.18,1.06,0.74
210207,2013,2.75,1.04,0.92,0.79
210207,2014,3.06,1.17,1.09,0.8
210301,2013,2.21,0.83,0.81,0.57
210301,2014,2.46,1.05,0.91,0.5
210302,2013,2.33,0.93,0.81,0.59
210302,2014,2.56,1.09,0.91,0.56
210303,2013,2.45,0.93,0.83,0.69
210303,2014,2.66,1.08,0.94,0.64
210304,2013,2.63,1.04,0.94,0.65
210304,2014,2.85,1.06,0.96,0.83
210305,2013,2.70,1.08,0.97,0.65
210305,2014,2.94,1.12,1.08,0.74
210306,2013,2.69,1.14,0.98,0.57
210306,2014,2.97,1.12,1.08,0.77
210307,2013,2.75,1.13,0.98,0.64
210307,2014,3.04,1.21,1.11,0.72
210401,2013,2.23,0.94,0.82,0.47
210401,2014,2.45,1.05,0.87,0.53
210402,2013,2.31,0.86,0.79,0.66
210402,2014,2.5,1.04,0.86,0.6
210403,2013,2.40,0.96,0.88,0.56
210403,2014,2.66,1.00,0.90,0.76
210404,2013,2.53,0.96,0.92,0.65
210404,2014,2.76,1.06,0.94,0.76
210405,2013,2.61,1.05,0.94,0.62
210405,2014,2.89,1.07,0.96,0.86
210406,2013,2.68,1.05,0.89,0.74
210406,2014,2.93,1.19,0.99,0.75
210407,2013,2.96,1.23,1.06,0.67
210407,2014,3.24,1.25,1.11,0.88
210501,2013,2.22,0.84,0.76,0.62
210501,2014,2.46,0.99,0.81,0.66
210502,2013,2.33,0.97,0.86,0.5
210502,2014,2.54,1.04,0.84,0.66
210503,2013,2.39,0.91,0.88,0.6
210503,2014,2.63,1.03,0.87,0.73
210504,2013,2.55,0.99,0.93,0.63
210504,2014,2.78,1.05,1.00,0.73
210505,2013,2.55,1.09,0.85,0.61
210505,2014,2.81,1.13,1.03,0.65
210506,2013,2.64,1.12,0.95,0.57
210506,2014,2.95,1.23,0.98,0.74
210507,2013,2.97,1.18,1.01,0.78
210507,2014,3.31,1.34,1.13,0.84
220101,2013,4.46,1.91,1.53,1.02
220101,2014,4.85,1.90,1.78,1.17
220102,2013,4.72,1.75,1.68,1.29
220102,2014,5.16,2.19,1.71,1.26
220103,2013,4.97,1.87,1.71,1.39
220103,2014,5.45,2.05,2.00,1.4
220104,2013,5.05,2.16,1.81,1.08
220104,2014,5.47,2.05,1.97,1.45
220105,2013,5.17,2.01,1.78,1.38
220105,2014,5.68,2.18,1.96,1.54
220106,2013,5.40,2.22,1.91,1.27
220106,2014,5.89,2.18,1.95,1.76
220107,2013,5.93,2.34,2.16,1.43
220107,2014,6.44,2.40,2.31,1.73
220201,2013,4.50,1.83,1.60,1.07
220201,2014,4.96,2.07,1.66,1.23
220202,2013,4.66,2.00,1.58,1.08
220202,2014,5.22,2.03,1.80,1.39
220203,2013,4.84,2.02,1.68,1.14
220203,2014,5.31,2.25,1.90,1.16
220204,2013,5.22,2.06,1.89,1.27
220204,2014,5.73,2.14,2.02,1.57
220205,2013,5.33,2.17,1.96,1.2
220205,2014,5.83,2.41,2.12,1.3
220206,2013,5.67,2.11,1.97,1.59
220206,2014,6.17,2.51,2.08,1.58
220207,2013,5.55,2.23,1.99,1.33
220207,2014,6.11,2.56,2.17,1.38
220301,2013,4.45,1.71,1.59,1.15
220301,2014,4.97,1.93,1.83,1.21
220302,2013,4.70,1.82,1.74,1.14
220302,2014,5.25,2.22,1.92,1.11
220303,2013,4.82,1.92,1.69,1.21
220303,2014,5.21,1.95,1.72,1.54
220304,2013,5.15,1.92,1.90,1.33
220304,2014,5.70,2.15,2.03,1.52
220305,2013,5.28,2.04,1.92,1.32
220305,2014,5.78,2.17,2.04,1.57
220306,2013,5.55,2.09,1.99,1.47
220306,2014,6.1,2.43,2.23,1.44
220307,2013,5.56,2.12,1.93,1.51
220307,2014,6.01,2.52,1.99,1.5
220401,2013,4.47,1.87,1.62,0.98
220401,2014,4.88,2.06,1.65,1.17
220402,2013,4.72,1.85,1.63,1.24
220402,2014,5.28,2.12,1.95,1.21
220403,2013,4.83,1.94,1.78,1.11
220403,2014,5.33,2.16,1.77,1.4
220404,2013,5.16,2.22,1.77,1.17
220404,2014,5.6,2.37,1.91,1.32
220405,2013,5.32,2.24,1.89,1.19
220405,2014,5.88,2.32,2.02,1.54
220406,2013,5.52,2.13,1.93,1.46
220406,2014,6.06,2.40,2.23,1.43
220407,2013,5.58,2.15,2.03,1.4
220407,2014,6.24,2.67,2.14,1.43
220501,2013,4.44,1.78,1.59,1.07
220501,2014,4.87,2.00,1.70,1.17
220502,2013,4.75,2.00,1.57,1.18
220502,2014,5.23,2.13,1.85,1.25
220503,2013,5.03,2.13,1.83,1.07
220503,2014,5.54,2.09,1.84,1.61
220504,2013,5.10,2.09,1.79,1.22
220504,2014,5.53,2.11,1.95,1.47
220505,2013,5.41,2.02,1.95,1.44
220505,2014,5.91,2.21,2.00,1.7
220506,2013,5.52,2.12,1.82,1.58
220506,2014,6.01,2.34,1.99,1.68
220507,2013,5.58,2.15,2.05,1.38
220507,2014,6.25,2.46,2.12,1.67
230101,2013,4.51,1.84,1.59,1.08
230101,2014,5.04,2.02,1.81,1.21
230102,2013,4.81,2.05,1.72,1.04
230102,2014,5.21,2.22,1.78,1.21
230103,2013,5.04,1.90,1.79,1.35
230103,2014,5.59,2.19,1.94,1.46
230104,2013,5.30,2.02,1.86,1.42
230104,2014,5.79,2.45,2.11,1.23
230105,2013,5.44,2.22,1.88,1.34
230105,2014,5.97,2.22,2.17,1.58
230106,2013,5.74,2.40,2.03,1.31
230106,2014,6.33,2.69,2.22,1.42
230107,2013,6.04,2.29,2.11,1.64
230107,2014,6.68,2.70,2.39,1.59
230201,2013,4.54,1.92,1.60,1.02
230201,2014,4.96,1.98,1.74,1.24
230202,2013,4.81,1.93,1.76,1.12
230202,2014,5.36,2.12,1.79,1.45
230203,2013,4.99,1.97,1.65,1.37
230203,2014,5.48,2.13,1.87,1.48
230204,2013,5.15,2.02,1.82,1.31
230204,2014,5.58,2.29,2.06,1.23
230205,2013,5.39,2.20,1.91,1.28
230205,2014,6.03,2.48,2.13,1.42
230206,2013,5.84,2.36,2.10,1.38
230206,2014,6.48,2.60,2.31,1.57
230207,2013,5.95,2.22,2.04,1.69
230207,2014,6.66,2.47,2.21,1.98
230301,2013,4.56,1.75,1.52,1.29
230301,2014,5.1,2.18,1.72,1.2
230302,2013,4.79,2.06,1.60,1.13
230302,2014,5.25,1.98,1.81,1.46
230303,2013,5.04,2.08,1.67,1.29
230303,2014,5.61,2.17,1.98,1.46
230304,2013,5.05,2.07,1.70,1.28
230304,2014,5.64,2.11,2.07,1.46
230305,2013,5.56,2.30,1.86,1.4
230305,2014,6.03,2.40,2.04,1.59
230306,2013,5.75,2.37,2.00,1.38
230306,2014,6.22,2.59,2.14,1.49
230307,2013,5.84,2.31,2.00,1.53
230307,2014,6.34,2.71,2.32,1.31
230401,2013,4.59,1.93,1.62,1.04
230401,2014,5.03,2.16,1.77,1.1
230402,2013,4.79,1.95,1.72,1.12
230402,2014,5.17,1.97,1.83,1.37
230403,2013,4.92,1.82,1.71,1.39
230403,2014,5.47,2.12,1.87,1.48
230404,2013,5.12,2.16,1.86,1.1
230404,2014,5.57,2.15,1.84,1.58
230405,2013,5.30,2.17,1.86,1.27
230405,2014,5.76,2.36,2.11,1.29
230406,2013,5.83,2.34,1.95,1.54
230406,2014,6.33,2.35,2.32,1.66
230407,2013,5.90,2.40,2.16,1.34
230407,2014,6.38,2.55,2.21,1.62
230501,2013,4.57,1.95,1.62,1
230501,2014,5.05,2.01,1.87,1.17
230502,2013,4.80,1.87,1.63,1.3
230502,2014,5.25,2.20,1.77,1.28
230503,2013,4.90,1.87,1.68,1.35
230503,2014,5.34,2.07,1.95,1.32
230504,2013,5.20,2.12,1.92,1.16
230504,2014,5.64,2.25,1.90,1.49
230505,2013,5.60,2.24,1.86,1.5
230505,2014,6.13,2.38,2.02,1.73
230506,2013,5.85,2.25,2.14,1.46
230506,2014,6.39,2.56,2.33,1.5
230507,2013,6.09,2.49,2.23,1.37
230507,2014,6.64,2.77,2.31,1.56
240101,2013,5.75,2.15,1.92,1.68
240101,2014,6.42,2.75,2.18,1.49
240102,2013,6.08,2.26,2.02,1.8
240102,2014,6.76,2.83,2.43,1.5
240103,2013,6.14,2.36,2.11,1.67
240103,2014,6.87,2.84,2.39,1.64
240104,2013,6.72,2.81,2.22,1.69
240104,2014,7.43,2.97,2.73,1.73
240105,2013,6.82,2.81,2.48,1.53
240105,2014,7.63,3.23,2.82,1.58
240106,2013,7.33,3.06,2.68,1.59
240106,2014,8.05,3.26,2.73,2.06
240107,2013,7.68,3.27,2.73,1.68
240107,2014,8.3,3.44,2.75,2.11
240201,2013,5.73,2.37,2.05,1.31
240201,2014,6.2,2.43,2.26,1.51
240202,2013,5.94,2.27,2.17,1.5
240202,2014,6.56,2.72,2.20,1.64
240203,2013,6.25,2.40,2.22,1.63
240203,2014,6.84,2.68,2.49,1.67
240204,2013,6.39,2.47,2.21,1.71
240204,2014,7,2.68,2.35,1.97
240205,2013,6.77,2.70,2.37,1.7
240205,2014,7.45,2.92,2.65,1.88
240206,2013,6.84,2.56,2.40,1.88
240206,2014,7.59,3.06,2.52,2.01
240207,2013,7.57,3.06,2.78,1.73
240207,2014,8.22,3.17,2.95,2.1
240301,2013,5.78,2.17,1.97,1.64
240301,2014,6.47,2.56,2.27,1.64
240302,2013,6.00,2.28,2.16,1.56
240302,2014,6.58,2.53,2.38,1.67
240303,2013,6.26,2.54,2.30,1.42
240303,2014,6.81,2.82,2.37,1.62
240304,2013,6.61,2.75,2.38,1.48
240304,2014,7.16,2.79,2.45,1.92
240305,2013,7.08,2.92,2.48,1.68
240305,2014,7.87,2.96,2.79,2.12
240306,2013,7.10,2.69,2.52,1.89
240306,2014,7.76,2.94,2.74,2.08
240307,2013,7.48,2.78,2.75,1.95
240307,2014,8.25,3.13,2.92,2.2
240401,2013,5.73,2.39,2.03,1.31
240401,2014,6.21,2.62,2.10,1.49
240402,2013,5.97,2.36,2.09,1.52
240402,2014,6.65,2.84,2.35,1.46
240403,2013,6.30,2.55,2.17,1.58
240403,2014,6.83,2.53,2.37,1.93
240404,2013,6.61,2.54,2.24,1.83
240404,2014,7.40,2.84,2.56,2
240405,2013,6.98,2.72,2.40,1.86
240405,2014,7.76,3.22,2.77,1.77
240406,2013,7.21,2.92,2.46,1.83
240406,2014,8.03,3.05,2.72,2.26
240407,2013,7.43,3.03,2.56,1.84
240407,2014,8.23,3.46,2.88,1.89
240501,2013,5.70,2.45,1.88,1.37
240501,2014,6.23,2.68,2.23,1.32
240502,2013,6.06,2.36,2.00,1.7
240502,2014,6.78,2.51,2.50,1.77
240503,2013,6.42,2.69,2.35,1.38
240503,2014,7.09,2.99,2.37,1.73
240504,2013,6.58,2.77,2.37,1.44
240504,2014,7.21,3.06,2.51,1.64
240505,2013,6.63,2.67,2.19,1.77
240505,2014,7.37,3.15,2.45,1.77
240506,2013,7.28,2.86,2.45,1.97
240506,2014,8.03,3.43,2.73,1.87
240507,2013,7.49,2.97,2.62,1.9
240507,2014,8.38,3.15,2.86,2.37
